Power(W), Temperature(ÂºC), Time(ms), elapsed time(ms), number of samples
80.160, 79, 0.665076, 2650.3, 3985
80.160, 79, 1.330152
80.160, 79, 1.995228
80.160, 79, 2.660303
80.160, 79, 3.325379
80.160, 79, 3.990455
80.160, 79, 4.655531
80.160, 79, 5.320607
80.160, 79, 5.985682
109.171, 79, 6.650758
109.171, 79, 7.315834
109.171, 79, 7.980910
109.171, 79, 8.645986
109.171, 79, 9.311062
109.171, 79, 9.976137
109.171, 79, 10.641213
109.171, 79, 11.306290
109.171, 79, 11.971365
109.171, 79, 12.636441
109.171, 79, 13.301517
109.171, 79, 13.966593
109.171, 79, 14.631668
109.171, 79, 15.296744
109.171, 79, 15.961821
109.171, 79, 16.626896
109.171, 79, 17.291971
109.171, 79, 17.957048
109.171, 79, 18.622124
109.171, 79, 19.287199
109.171, 79, 19.952274
109.171, 79, 20.617352
109.171, 79, 21.282427
109.171, 79, 21.947502
109.171, 79, 22.612579
109.171, 79, 23.277655
109.171, 79, 23.942730
109.171, 79, 24.607805
109.171, 79, 25.272882
109.171, 79, 25.937958
129.605, 79, 26.603033
129.605, 79, 27.268110
129.605, 79, 27.933186
129.605, 79, 28.598261
129.605, 79, 29.263336
129.605, 79, 29.928413
129.605, 79, 30.593489
129.605, 79, 31.258564
129.605, 79, 31.923641
129.605, 79, 32.588715
129.605, 79, 33.253792
129.605, 79, 33.918869
129.605, 79, 34.583942
129.605, 79, 35.249020
129.605, 79, 35.914097
129.605, 79, 36.579170
129.605, 79, 37.244247
129.605, 79, 37.909325
129.605, 79, 38.574398
129.605, 79, 39.239475
129.605, 79, 39.904549
129.605, 79, 40.569626
129.605, 79, 41.234703
129.605, 79, 41.899776
129.605, 79, 42.564854
129.605, 79, 43.229931
129.605, 79, 43.895004
129.605, 79, 44.560081
129.605, 79, 45.225159
133.713, 79, 45.890232
133.713, 79, 46.555309
133.713, 79, 47.220383
133.713, 79, 47.885460
133.713, 79, 48.550537
133.713, 79, 49.215611
133.713, 79, 49.880688
133.713, 79, 50.545765
133.713, 79, 51.210838
133.713, 79, 51.875916
133.713, 79, 52.540993
133.713, 79, 53.206066
133.713, 79, 53.871143
133.713, 79, 54.536221
133.713, 79, 55.201294
133.713, 79, 55.866371
133.713, 79, 56.531445
133.713, 79, 57.196522
133.713, 79, 57.861599
133.713, 79, 58.526672
133.713, 79, 59.191750
133.713, 79, 59.856827
133.713, 79, 60.521900
133.713, 79, 61.186977
133.713, 79, 61.852055
133.713, 79, 62.517128
133.713, 79, 63.182205
133.713, 79, 63.847282
133.713, 79, 64.512360
133.713, 79, 65.177429
133.713, 79, 65.842506
134.756, 79, 66.507584
134.756, 79, 67.172661
134.756, 79, 67.837738
134.756, 79, 68.502808
134.756, 79, 69.167885
134.756, 79, 69.832962
134.756, 79, 70.498039
134.756, 79, 71.163116
134.756, 79, 71.828194
134.756, 79, 72.493263
134.756, 79, 73.158340
134.756, 79, 73.823418
134.756, 79, 74.488495
134.756, 79, 75.153572
134.756, 79, 75.818649
134.756, 79, 76.483719
134.756, 79, 77.148796
134.756, 79, 77.813873
134.756, 79, 78.478951
134.756, 79, 79.144028
134.756, 79, 79.809097
134.756, 79, 80.474174
134.756, 79, 81.139252
134.756, 79, 81.804329
134.756, 79, 82.469406
134.756, 79, 83.134483
134.756, 79, 83.799553
134.756, 79, 84.464630
134.756, 79, 85.129707
134.756, 79, 85.794785
134.756, 79, 86.459862
134.923, 79, 87.124931
134.923, 79, 87.790009
134.923, 79, 88.455086
134.923, 79, 89.120163
134.923, 79, 89.785240
134.923, 79, 90.450317
134.923, 79, 91.115387
134.923, 79, 91.780464
134.923, 79, 92.445541
134.923, 79, 93.110619
134.923, 79, 93.775696
134.923, 79, 94.440765
134.923, 79, 95.105843
134.923, 79, 95.770920
134.923, 79, 96.435997
134.923, 79, 97.101074
134.923, 79, 97.766151
134.923, 79, 98.431221
134.923, 79, 99.096298
134.923, 79, 99.761375
134.923, 79, 100.426453
134.923, 79, 101.091530
134.923, 79, 101.756607
134.923, 79, 102.421677
134.923, 79, 103.086754
134.923, 79, 103.751831
134.923, 79, 104.416908
134.923, 79, 105.081985
134.923, 79, 105.747055
134.923, 79, 106.412132
134.923, 79, 107.077209
135.586, 79, 107.742287
135.586, 79, 108.407364
135.586, 79, 109.072441
135.586, 79, 109.737511
135.586, 79, 110.402588
135.586, 79, 111.067665
135.586, 79, 111.732742
135.586, 79, 112.397820
135.586, 79, 113.062889
135.586, 79, 113.727966
135.586, 79, 114.393044
135.586, 79, 115.058121
135.586, 79, 115.723198
135.586, 79, 116.388275
135.586, 79, 117.053345
135.586, 79, 117.718422
135.586, 79, 118.383499
135.586, 79, 119.048576
135.586, 79, 119.713654
135.586, 79, 120.378723
135.586, 79, 121.043800
135.586, 79, 121.708878
135.586, 79, 122.373955
135.586, 79, 123.039032
135.586, 79, 123.704109
135.586, 79, 124.369179
135.586, 79, 125.034256
135.586, 79, 125.699333
135.586, 79, 126.364410
135.586, 79, 127.029488
135.586, 79, 127.694565
135.090, 79, 128.359634
135.090, 79, 129.024719
135.090, 79, 129.689789
135.090, 79, 130.354858
135.090, 79, 131.019943
135.090, 79, 131.685013
135.090, 79, 132.350098
135.090, 79, 133.015167
135.090, 79, 133.680237
135.090, 79, 134.345322
135.090, 79, 135.010391
135.090, 79, 135.675476
135.090, 79, 136.340546
135.090, 79, 137.005615
135.090, 79, 137.670700
135.090, 79, 138.335770
135.090, 79, 139.000854
135.090, 79, 139.665924
135.090, 79, 140.331009
135.090, 79, 140.996078
135.090, 79, 141.661148
135.090, 79, 142.326233
135.090, 79, 142.991302
135.090, 79, 143.656387
135.090, 79, 144.321457
135.090, 79, 144.986526
135.090, 79, 145.651611
135.090, 79, 146.316681
135.090, 79, 146.981766
135.268, 79, 147.646835
135.268, 79, 148.311905
135.268, 79, 148.976990
135.268, 79, 149.642059
135.268, 79, 150.307144
135.268, 79, 150.972214
135.268, 79, 151.637299
135.268, 79, 152.302368
135.268, 79, 152.967438
135.268, 79, 153.632523
135.268, 79, 154.297592
135.268, 79, 154.962677
135.268, 79, 155.627747
135.268, 79, 156.292816
135.268, 79, 156.957901
135.268, 79, 157.622971
135.268, 79, 158.288055
135.268, 79, 158.953125
135.268, 79, 159.618195
135.268, 79, 160.283279
135.268, 79, 160.948349
135.268, 79, 161.613434
135.268, 79, 162.278503
135.268, 79, 162.943573
135.268, 79, 163.608658
135.268, 79, 164.273727
135.268, 79, 164.938812
135.268, 79, 165.603882
135.268, 79, 166.268967
135.268, 79, 166.934036
135.268, 79, 167.599106
135.457, 79, 168.264191
135.457, 79, 168.929260
135.457, 79, 169.594345
135.457, 79, 170.259415
135.457, 79, 170.924484
135.457, 79, 171.589569
135.457, 79, 172.254639
135.457, 79, 172.919724
135.457, 79, 173.584793
135.457, 79, 174.249863
135.457, 79, 174.914948
135.457, 79, 175.580017
135.457, 79, 176.245102
135.457, 79, 176.910172
135.457, 79, 177.575256
135.457, 79, 178.240326
135.457, 79, 178.905396
135.457, 79, 179.570480
135.457, 79, 180.235550
135.457, 79, 180.900635
135.457, 79, 181.565704
135.457, 79, 182.230774
135.457, 79, 182.895859
135.457, 79, 183.560928
135.457, 79, 184.226013
135.457, 79, 184.891083
135.457, 79, 185.556152
135.457, 79, 186.221237
135.457, 79, 186.886307
135.457, 79, 187.551392
135.457, 79, 188.216461
135.837, 79, 188.881531
135.837, 79, 189.546616
135.837, 79, 190.211685
135.837, 79, 190.876770
135.837, 79, 191.541840
135.837, 79, 192.206924
135.837, 79, 192.871994
135.837, 79, 193.537064
135.837, 79, 194.202148
135.837, 79, 194.867218
135.837, 79, 195.532303
135.837, 79, 196.197372
135.837, 79, 196.862442
135.837, 79, 197.527527
135.837, 79, 198.192596
135.837, 79, 198.857681
135.837, 79, 199.522751
135.837, 79, 200.187820
135.837, 79, 200.852905
135.837, 79, 201.517975
135.837, 79, 202.183060
135.837, 79, 202.848129
135.837, 79, 203.513214
135.837, 79, 204.178284
135.837, 79, 204.843353
135.837, 79, 205.508438
135.837, 79, 206.173508
135.837, 79, 206.838593
135.837, 79, 207.503662
135.837, 79, 208.168732
135.931, 79, 208.833817
135.931, 79, 209.498886
135.931, 79, 210.163971
135.931, 79, 210.829041
135.931, 79, 211.494110
135.931, 79, 212.159195
135.931, 79, 212.824265
135.931, 79, 213.489349
135.931, 79, 214.154419
135.931, 79, 214.819489
135.931, 79, 215.484573
135.931, 79, 216.149643
135.931, 79, 216.814728
135.931, 79, 217.479797
135.931, 79, 218.144882
135.931, 79, 218.809952
135.931, 79, 219.475021
135.931, 79, 220.140106
135.931, 79, 220.805176
135.931, 79, 221.470261
135.931, 79, 222.135330
135.931, 79, 222.800400
135.931, 79, 223.465485
135.931, 79, 224.130554
135.931, 79, 224.795639
135.931, 79, 225.460709
135.931, 79, 226.125778
135.931, 79, 226.790863
135.931, 79, 227.455933
135.931, 79, 228.121017
135.931, 79, 228.786087
134.889, 79, 229.451172
134.889, 79, 230.116241
134.889, 79, 230.781311
134.889, 79, 231.446396
134.889, 79, 232.111465
134.889, 79, 232.776550
134.889, 79, 233.441620
134.889, 79, 234.106689
134.889, 79, 234.771774
134.889, 79, 235.436844
134.889, 79, 236.101929
134.889, 79, 236.766998
134.889, 79, 237.432068
134.889, 79, 238.097153
134.889, 79, 238.762222
134.889, 79, 239.427307
134.889, 79, 240.092377
134.889, 79, 240.757446
134.889, 79, 241.422531
134.889, 79, 242.087601
134.889, 79, 242.752686
134.889, 79, 243.417755
134.889, 79, 244.082840
134.889, 79, 244.747910
134.889, 79, 245.412979
134.889, 79, 246.078064
134.889, 79, 246.743134
134.889, 79, 247.408218
134.889, 79, 248.073288
134.225, 79, 248.738358
134.225, 79, 249.403442
134.225, 79, 250.068512
134.225, 79, 250.733597
134.225, 79, 251.398666
134.225, 79, 252.063736
134.225, 79, 252.728821
134.225, 79, 253.393890
134.225, 79, 254.058975
134.225, 79, 254.724045
134.225, 79, 255.389130
134.225, 79, 256.054199
134.225, 79, 256.719269
134.225, 79, 257.384338
134.225, 79, 258.049438
134.225, 79, 258.714508
134.225, 79, 259.379578
134.225, 79, 260.044647
134.225, 79, 260.709717
134.225, 79, 261.374817
134.225, 79, 262.039886
134.225, 79, 262.704956
134.225, 79, 263.370026
134.225, 79, 264.035095
134.225, 79, 264.700195
134.225, 79, 265.365265
134.225, 79, 266.030334
134.225, 79, 266.695404
134.225, 79, 267.360474
134.225, 79, 268.025574
134.225, 79, 268.690643
134.699, 79, 269.355713
134.699, 79, 270.020782
134.699, 79, 270.685852
134.699, 79, 271.350952
134.699, 79, 272.016022
134.699, 79, 272.681091
134.699, 79, 273.346161
134.699, 79, 274.011230
134.699, 79, 274.676331
134.699, 79, 275.341400
134.699, 79, 276.006470
134.699, 79, 276.671539
134.699, 79, 277.336639
134.699, 79, 278.001709
134.699, 79, 278.666779
134.699, 79, 279.331848
134.699, 79, 279.996918
134.699, 79, 280.662018
134.699, 79, 281.327087
134.699, 79, 281.992157
134.699, 79, 282.657227
134.699, 79, 283.322296
134.699, 79, 283.987396
134.699, 79, 284.652466
134.699, 79, 285.317535
134.699, 79, 285.982605
134.699, 79, 286.647675
134.699, 79, 287.312775
134.699, 79, 287.977844
134.699, 79, 288.642914
134.699, 79, 289.307983
134.756, 79, 289.973053
134.756, 79, 290.638153
134.756, 79, 291.303223
134.756, 79, 291.968292
134.756, 79, 292.633362
134.756, 79, 293.298431
134.756, 79, 293.963531
134.756, 79, 294.628601
134.756, 79, 295.293671
134.756, 79, 295.958740
134.756, 79, 296.623810
134.756, 79, 297.288910
134.756, 79, 297.953979
134.756, 79, 298.619049
134.756, 79, 299.284119
134.756, 79, 299.949188
134.756, 79, 300.614288
134.756, 79, 301.279358
134.756, 79, 301.944427
134.756, 79, 302.609497
134.756, 79, 303.274597
134.756, 79, 303.939667
134.756, 79, 304.604736
134.756, 79, 305.269806
134.756, 79, 305.934875
134.756, 79, 306.599976
134.756, 79, 307.265045
134.756, 79, 307.930115
134.756, 79, 308.595184
134.756, 79, 309.260254
134.756, 79, 309.925354
134.889, 79, 310.590424
134.889, 79, 311.255493
134.889, 79, 311.920563
134.889, 79, 312.585632
134.889, 79, 313.250732
134.889, 79, 313.915802
134.889, 79, 314.580872
134.889, 79, 315.245941
134.889, 79, 315.911011
134.889, 79, 316.576111
134.889, 79, 317.241180
134.889, 79, 317.906250
134.889, 79, 318.571320
134.889, 79, 319.236389
134.889, 79, 319.901489
134.889, 79, 320.566559
134.889, 79, 321.231628
134.889, 79, 321.896698
134.889, 79, 322.561768
134.889, 79, 323.226868
134.889, 79, 323.891937
134.889, 79, 324.557007
134.889, 79, 325.222076
134.889, 79, 325.887146
134.889, 79, 326.552246
134.889, 79, 327.217316
134.889, 79, 327.882385
134.889, 79, 328.547455
134.889, 79, 329.212555
134.889, 79, 329.877625
134.889, 79, 330.542694
135.363, 79, 331.207764
135.363, 79, 331.872833
135.363, 79, 332.537933
135.363, 79, 333.203003
135.363, 79, 333.868073
135.363, 79, 334.533142
135.363, 79, 335.198212
135.363, 79, 335.863312
135.363, 79, 336.528381
135.363, 79, 337.193451
135.363, 79, 337.858521
135.363, 79, 338.523590
135.363, 79, 339.188690
135.363, 79, 339.853760
135.363, 79, 340.518829
135.363, 79, 341.183899
135.363, 79, 341.848969
135.363, 79, 342.514069
135.363, 79, 343.179138
135.363, 79, 343.844208
135.363, 79, 344.509277
135.363, 79, 345.174347
135.363, 79, 345.839447
135.363, 79, 346.504517
135.363, 79, 347.169586
135.363, 79, 347.834656
135.363, 79, 348.499725
135.363, 79, 349.164825
134.794, 79, 349.829895
134.794, 79, 350.494965
134.794, 79, 351.160034
134.794, 79, 351.825104
134.794, 79, 352.490204
134.794, 79, 353.155273
134.794, 79, 353.820343
134.794, 79, 354.485413
134.794, 79, 355.150513
134.794, 79, 355.815582
134.794, 79, 356.480652
134.794, 79, 357.145721
134.794, 79, 357.810791
134.794, 79, 358.475891
134.794, 79, 359.140961
134.794, 79, 359.806030
134.794, 79, 360.471100
134.794, 79, 361.136169
134.794, 79, 361.801270
134.794, 79, 362.466339
134.794, 79, 363.131409
134.794, 79, 363.796478
134.794, 79, 364.461548
134.794, 79, 365.126648
134.794, 79, 365.791718
134.794, 79, 366.456787
134.794, 79, 367.121857
134.794, 79, 367.786926
134.794, 79, 368.452026
134.794, 79, 369.117096
135.173, 79, 369.782166
135.173, 79, 370.447235
135.173, 79, 371.112305
135.173, 79, 371.777405
135.173, 79, 372.442474
135.173, 79, 373.107544
135.173, 79, 373.772614
135.173, 79, 374.437683
135.173, 79, 375.102783
135.173, 79, 375.767853
135.173, 79, 376.432922
135.173, 79, 377.097992
135.173, 79, 377.763062
135.173, 79, 378.428162
135.173, 79, 379.093231
135.173, 79, 379.758301
135.173, 79, 380.423370
135.173, 79, 381.088470
135.173, 79, 381.753540
135.173, 79, 382.418610
135.173, 79, 383.083679
135.173, 79, 383.748749
135.173, 79, 384.413849
135.173, 79, 385.078918
135.173, 79, 385.743988
135.173, 79, 386.409058
135.173, 79, 387.074127
135.173, 79, 387.739227
135.173, 79, 388.404297
135.173, 79, 389.069366
135.173, 79, 389.734436
135.078, 79, 390.399506
135.078, 79, 391.064606
135.078, 79, 391.729675
135.078, 79, 392.394745
135.078, 79, 393.059814
135.078, 79, 393.724884
135.078, 79, 394.389984
135.078, 79, 395.055054
135.078, 79, 395.720123
135.078, 79, 396.385193
135.078, 79, 397.050262
135.078, 79, 397.715363
135.078, 79, 398.380432
135.078, 79, 399.045502
135.078, 79, 399.710571
135.078, 79, 400.375641
135.078, 79, 401.040741
135.078, 79, 401.705811
135.078, 79, 402.370880
135.078, 79, 403.035950
135.078, 79, 403.701019
135.078, 79, 404.366119
135.078, 79, 405.031189
135.078, 79, 405.696259
135.078, 79, 406.361328
135.078, 79, 407.026428
135.078, 79, 407.691498
135.078, 79, 408.356567
135.078, 79, 409.021637
135.078, 79, 409.686707
135.457, 79, 410.351807
135.457, 79, 411.016876
135.457, 79, 411.681946
135.457, 79, 412.347015
135.457, 79, 413.012085
135.457, 79, 413.677185
135.457, 79, 414.342255
135.457, 79, 415.007324
135.457, 79, 415.672394
135.457, 79, 416.337463
135.457, 79, 417.002563
135.457, 79, 417.667633
135.457, 79, 418.332703
135.457, 79, 418.997772
135.457, 79, 419.662842
135.457, 79, 420.327942
135.457, 79, 420.993011
135.457, 79, 421.658081
135.457, 79, 422.323151
135.457, 79, 422.988220
135.457, 79, 423.653320
135.457, 79, 424.318390
135.457, 79, 424.983459
135.457, 79, 425.648529
135.457, 79, 426.313599
135.457, 79, 426.978699
135.457, 79, 427.643768
135.457, 79, 428.308838
135.457, 79, 428.973907
135.457, 79, 429.638977
135.647, 79, 430.304077
135.647, 79, 430.969147
135.647, 79, 431.634216
135.647, 79, 432.299286
135.647, 79, 432.964386
135.647, 79, 433.629456
135.647, 79, 434.294525
135.647, 79, 434.959595
135.647, 79, 435.624664
135.647, 79, 436.289764
135.647, 79, 436.954834
135.647, 79, 437.619904
135.647, 79, 438.284973
135.647, 79, 438.950043
135.647, 79, 439.615143
135.647, 79, 440.280212
135.647, 79, 440.945282
135.647, 79, 441.610352
135.647, 79, 442.275421
135.647, 79, 442.940521
135.647, 79, 443.605591
135.647, 79, 444.270660
135.647, 79, 444.935730
135.647, 79, 445.600800
135.647, 79, 446.265900
135.647, 79, 446.930969
135.647, 79, 447.596039
135.647, 79, 448.261108
135.647, 79, 448.926178
134.851, 79, 449.591278
134.851, 79, 450.256348
134.851, 79, 450.921417
134.851, 79, 451.586487
134.851, 79, 452.251556
134.851, 79, 452.916656
134.851, 79, 453.581726
134.851, 79, 454.246796
134.851, 79, 454.911865
134.851, 79, 455.576935
134.851, 79, 456.242035
134.851, 79, 456.907104
134.851, 79, 457.572174
134.851, 79, 458.237244
134.851, 79, 458.902344
134.851, 79, 459.567413
134.851, 79, 460.232483
134.851, 79, 460.897552
134.851, 79, 461.562622
134.851, 79, 462.227722
134.851, 79, 462.892792
134.851, 79, 463.557861
134.851, 79, 464.222931
134.851, 79, 464.888000
134.851, 79, 465.553101
134.851, 79, 466.218170
134.851, 79, 466.883240
134.851, 79, 467.548309
134.851, 79, 468.213379
134.851, 79, 468.878479
134.851, 79, 469.543549
134.509, 79, 470.208618
134.509, 79, 470.873688
134.509, 79, 471.538757
134.509, 79, 472.203857
134.509, 79, 472.868927
134.509, 79, 473.533997
134.509, 79, 474.199066
134.509, 79, 474.864136
134.509, 79, 475.529236
134.509, 79, 476.194305
134.509, 79, 476.859375
134.509, 79, 477.524445
134.509, 79, 478.189514
134.509, 79, 478.854614
134.509, 79, 479.519684
134.509, 79, 480.184753
134.509, 79, 480.849823
134.509, 79, 481.514893
134.509, 79, 482.179993
134.509, 79, 482.845062
134.509, 79, 483.510132
134.509, 79, 484.175201
134.509, 79, 484.840302
134.509, 79, 485.505371
134.509, 79, 486.170441
134.509, 79, 486.835510
134.509, 79, 487.500580
134.509, 79, 488.165680
134.509, 79, 488.830750
134.509, 79, 489.495819
134.509, 79, 490.160889
134.699, 79, 490.825958
134.699, 79, 491.491058
134.699, 79, 492.156128
134.699, 79, 492.821198
134.699, 79, 493.486267
134.699, 79, 494.151337
134.699, 79, 494.816437
134.699, 79, 495.481506
134.699, 79, 496.146576
134.699, 79, 496.811646
134.699, 79, 497.476715
134.699, 79, 498.141815
134.699, 79, 498.806885
134.699, 79, 499.471954
134.699, 79, 500.137024
134.699, 79, 500.802094
134.699, 79, 501.467194
134.699, 79, 502.132263
134.699, 79, 502.797333
134.699, 79, 503.462402
134.699, 79, 504.127472
134.699, 79, 504.792572
134.699, 79, 505.457642
134.699, 79, 506.122711
134.699, 79, 506.787781
134.699, 79, 507.452850
134.699, 79, 508.117950
134.699, 79, 508.783020
134.699, 79, 509.448090
134.699, 79, 510.113159
134.699, 79, 510.778259
134.794, 79, 511.443329
134.794, 79, 512.108398
134.794, 79, 512.773499
134.794, 79, 513.438538
134.794, 79, 514.103638
134.794, 79, 514.768677
134.794, 79, 515.433777
134.794, 79, 516.098877
134.794, 79, 516.763916
134.794, 79, 517.429016
134.794, 79, 518.094055
134.794, 79, 518.759155
134.794, 79, 519.424255
134.794, 79, 520.089294
134.794, 79, 520.754395
134.794, 79, 521.419434
134.794, 79, 522.084534
134.794, 79, 522.749634
134.794, 79, 523.414673
134.794, 79, 524.079773
134.794, 79, 524.744812
134.794, 79, 525.409912
134.794, 79, 526.075012
134.794, 79, 526.740051
134.794, 79, 527.405151
134.794, 79, 528.070190
134.794, 79, 528.735291
134.794, 79, 529.400391
134.794, 79, 530.065430
134.794, 79, 530.730530
134.794, 79, 531.395569
134.945, 79, 532.060669
134.945, 79, 532.725769
134.945, 79, 533.390808
134.945, 79, 534.055908
134.945, 79, 534.720947
134.945, 79, 535.386047
134.945, 79, 536.051147
134.945, 79, 536.716187
134.945, 79, 537.381287
134.945, 79, 538.046326
134.945, 79, 538.711426
134.945, 79, 539.376526
134.945, 79, 540.041565
134.945, 79, 540.706665
134.945, 79, 541.371704
134.945, 79, 542.036804
134.945, 79, 542.701904
134.945, 79, 543.366943
134.945, 79, 544.032043
134.945, 79, 544.697083
134.945, 79, 545.362183
134.945, 79, 546.027283
134.945, 79, 546.692322
134.945, 79, 547.357422
134.945, 79, 548.022461
134.945, 79, 548.687561
134.945, 79, 549.352661
134.945, 79, 550.017700
134.945, 79, 550.682800
135.363, 79, 551.347900
135.363, 79, 552.012939
135.363, 79, 552.678040
135.363, 79, 553.343079
135.363, 79, 554.008179
135.363, 79, 554.673279
135.363, 79, 555.338318
135.363, 79, 556.003418
135.363, 79, 556.668457
135.363, 79, 557.333557
135.363, 79, 557.998657
135.363, 79, 558.663696
135.363, 79, 559.328796
135.363, 79, 559.993835
135.363, 79, 560.658936
135.363, 79, 561.324036
135.363, 79, 561.989075
135.363, 79, 562.654175
135.363, 79, 563.319214
135.363, 79, 563.984314
135.363, 79, 564.649414
135.363, 79, 565.314453
135.363, 79, 565.979553
135.363, 79, 566.644592
135.363, 79, 567.309692
135.363, 79, 567.974792
135.363, 79, 568.639832
135.363, 79, 569.304932
135.363, 79, 569.969971
135.363, 79, 570.635071
135.363, 79, 571.300171
134.889, 79, 571.965210
134.889, 79, 572.630310
134.889, 79, 573.295349
134.889, 79, 573.960449
134.889, 79, 574.625549
134.889, 79, 575.290588
134.889, 79, 575.955688
134.889, 79, 576.620728
134.889, 79, 577.285828
134.889, 79, 577.950928
134.889, 79, 578.615967
134.889, 79, 579.281067
134.889, 79, 579.946106
134.889, 79, 580.611206
134.889, 79, 581.276306
134.889, 79, 581.941345
134.889, 79, 582.606445
134.889, 79, 583.271484
134.889, 79, 583.936584
134.889, 79, 584.601685
134.889, 79, 585.266724
134.889, 79, 585.931824
134.889, 79, 586.596863
134.889, 79, 587.261963
134.889, 79, 587.927063
134.889, 79, 588.592102
134.889, 79, 589.257202
134.889, 79, 589.922241
134.889, 79, 590.587341
134.889, 79, 591.252441
134.889, 79, 591.917480
134.889, 79, 592.582581
134.889, 79, 593.247620
134.889, 79, 593.912720
134.889, 79, 594.577820
134.889, 79, 595.242859
134.889, 79, 595.907959
134.889, 79, 596.572998
134.889, 79, 597.238098
134.889, 79, 597.903198
134.889, 79, 598.568237
134.889, 79, 599.233337
134.889, 79, 599.898376
134.889, 79, 600.563477
134.889, 79, 601.228577
134.889, 79, 601.893616
134.889, 79, 602.558716
134.889, 79, 603.223816
134.889, 79, 603.888855
134.889, 79, 604.553955
134.889, 79, 605.218994
134.889, 79, 605.884094
134.889, 79, 606.549194
134.889, 79, 607.214233
134.889, 79, 607.879333
134.889, 79, 608.544373
134.889, 79, 609.209473
134.889, 79, 609.874573
134.889, 79, 610.539612
135.268, 79, 611.204712
135.268, 79, 611.869751
135.268, 79, 612.534851
135.268, 79, 613.199951
135.268, 79, 613.864990
135.268, 79, 614.530090
135.268, 79, 615.195129
135.268, 79, 615.860229
135.268, 79, 616.525330
135.268, 79, 617.190369
135.268, 79, 617.855469
135.268, 79, 618.520508
135.268, 79, 619.185608
135.268, 79, 619.850708
135.268, 79, 620.515747
135.268, 79, 621.180847
135.268, 79, 621.845886
135.268, 79, 622.510986
135.268, 79, 623.176086
135.268, 79, 623.841125
135.268, 79, 624.506226
135.268, 79, 625.171265
135.268, 79, 625.836365
135.268, 79, 626.501465
135.268, 79, 627.166504
135.268, 79, 627.831604
135.268, 79, 628.496643
135.268, 79, 629.161743
135.268, 79, 629.826843
135.268, 79, 630.491882
135.268, 79, 631.156982
135.268, 79, 631.822021
135.268, 79, 632.487122
135.268, 79, 633.152222
135.268, 79, 633.817261
135.268, 79, 634.482361
135.268, 79, 635.147400
135.268, 79, 635.812500
135.268, 79, 636.477600
135.268, 79, 637.142639
135.268, 79, 637.807739
135.268, 79, 638.472778
135.268, 79, 639.137878
135.268, 79, 639.802979
135.268, 79, 640.468018
135.268, 79, 641.133118
135.268, 79, 641.798157
135.268, 79, 642.463257
135.268, 79, 643.128357
135.268, 79, 643.793396
135.268, 79, 644.458496
135.268, 79, 645.123535
135.268, 79, 645.788635
135.268, 79, 646.453735
135.268, 79, 647.118774
135.268, 79, 647.783875
135.268, 79, 648.448914
135.268, 79, 649.114014
135.647, 79, 649.779114
135.647, 79, 650.444153
135.647, 79, 651.109253
135.647, 79, 651.774292
135.647, 79, 652.439392
135.647, 79, 653.104492
135.647, 79, 653.769531
135.647, 79, 654.434631
135.647, 79, 655.099731
135.647, 79, 655.764771
135.647, 79, 656.429871
135.647, 79, 657.094910
135.647, 79, 657.760010
135.647, 79, 658.425110
135.647, 79, 659.090149
135.647, 79, 659.755249
135.647, 79, 660.420288
135.647, 79, 661.085388
135.647, 79, 661.750488
135.647, 79, 662.415527
135.647, 79, 663.080627
135.647, 79, 663.745667
135.647, 79, 664.410767
135.647, 79, 665.075867
135.647, 79, 665.740906
135.647, 79, 666.406006
135.647, 79, 667.071045
135.647, 79, 667.736145
135.647, 79, 668.401245
135.647, 79, 669.066284
135.647, 79, 669.731384
134.851, 79, 670.396423
134.851, 79, 671.061523
134.851, 79, 671.726624
134.851, 79, 672.391663
134.851, 79, 673.056763
134.851, 79, 673.721802
134.851, 79, 674.386902
134.851, 79, 675.052002
134.851, 79, 675.717041
134.851, 79, 676.382141
134.851, 79, 677.047180
134.851, 79, 677.712280
134.851, 79, 678.377380
134.851, 79, 679.042419
134.851, 79, 679.707520
134.851, 79, 680.372559
134.851, 79, 681.037659
134.851, 79, 681.702759
134.851, 79, 682.367798
134.851, 79, 683.032898
134.851, 79, 683.697937
134.851, 79, 684.363037
134.851, 79, 685.028137
134.851, 79, 685.693176
134.851, 79, 686.358276
134.851, 79, 687.023315
134.851, 79, 687.688416
134.851, 79, 688.353516
134.851, 79, 689.018555
134.851, 79, 689.683655
134.851, 79, 690.348694
134.270, 79, 691.013794
134.270, 79, 691.678894
134.270, 79, 692.343933
134.270, 79, 693.009033
134.270, 79, 693.674072
134.270, 79, 694.339172
134.270, 79, 695.004272
134.270, 79, 695.669312
134.270, 79, 696.334412
134.270, 79, 696.999451
134.270, 79, 697.664551
134.270, 79, 698.329651
134.270, 79, 698.994690
134.270, 79, 699.659790
134.270, 79, 700.324829
134.270, 79, 700.989929
134.270, 79, 701.655029
134.270, 79, 702.320068
134.270, 79, 702.985168
134.270, 79, 703.650208
134.270, 79, 704.315308
134.270, 79, 704.980408
134.270, 79, 705.645447
134.270, 79, 706.310547
134.270, 79, 706.975586
134.270, 79, 707.640686
134.270, 79, 708.305786
134.270, 79, 708.970825
134.270, 79, 709.635925
134.270, 79, 710.301025
134.270, 79, 710.966064
134.415, 79, 711.631165
134.415, 79, 712.296204
134.415, 79, 712.961304
134.415, 79, 713.626404
134.415, 79, 714.291443
134.415, 79, 714.956543
134.415, 79, 715.621582
134.415, 79, 716.286682
134.415, 79, 716.951782
134.415, 79, 717.616821
134.415, 79, 718.281921
134.415, 79, 718.946960
134.415, 79, 719.612061
134.415, 79, 720.277161
134.415, 79, 720.942200
134.415, 79, 721.607300
134.415, 79, 722.272339
134.415, 79, 722.937439
134.415, 79, 723.602539
134.415, 79, 724.267578
134.415, 79, 724.932678
134.415, 79, 725.597717
134.415, 79, 726.262817
134.415, 79, 726.927917
134.415, 79, 727.592957
134.415, 79, 728.258057
134.415, 79, 728.923096
134.415, 79, 729.588196
134.415, 79, 730.253296
134.415, 79, 730.918335
134.415, 79, 731.583435
134.661, 79, 732.248474
134.661, 79, 732.913574
134.661, 79, 733.578674
134.661, 79, 734.243713
134.661, 79, 734.908813
134.661, 79, 735.573853
134.661, 79, 736.238953
134.661, 79, 736.904053
134.661, 79, 737.569092
134.661, 79, 738.234192
134.661, 79, 738.899231
134.661, 79, 739.564331
134.661, 79, 740.229431
134.661, 79, 740.894470
134.661, 79, 741.559570
134.661, 79, 742.224609
134.661, 79, 742.889709
134.661, 79, 743.554810
134.661, 79, 744.219849
134.661, 79, 744.884949
134.661, 79, 745.549988
134.661, 79, 746.215088
134.661, 79, 746.880188
134.661, 79, 747.545227
134.661, 79, 748.210327
134.661, 79, 748.875366
134.661, 79, 749.540466
134.661, 79, 750.205566
134.661, 79, 750.870605
134.699, 79, 751.535706
134.699, 79, 752.200745
134.699, 79, 752.865845
134.699, 79, 753.530945
134.699, 79, 754.195984
134.699, 79, 754.861084
134.699, 79, 755.526123
134.699, 79, 756.191223
134.699, 79, 756.856323
134.699, 79, 757.521362
134.699, 79, 758.186462
134.699, 79, 758.851501
134.699, 79, 759.516602
134.699, 79, 760.181702
134.699, 79, 760.846741
134.699, 79, 761.511841
134.699, 79, 762.176941
134.699, 79, 762.841980
134.699, 79, 763.507080
134.699, 79, 764.172119
134.699, 79, 764.837219
134.699, 79, 765.502319
134.699, 79, 766.167358
134.699, 79, 766.832458
134.699, 79, 767.497498
134.699, 79, 768.162598
134.699, 79, 768.827698
134.699, 79, 769.492737
134.699, 79, 770.157837
134.699, 79, 770.822876
134.699, 79, 771.487976
134.794, 79, 772.153076
134.794, 79, 772.818115
134.794, 79, 773.483215
134.794, 79, 774.148254
134.794, 79, 774.813354
134.794, 79, 775.478455
134.794, 79, 776.143494
134.794, 79, 776.808594
134.794, 79, 777.473633
134.794, 79, 778.138733
134.794, 79, 778.803833
134.794, 79, 779.468872
134.794, 79, 780.133972
134.794, 79, 780.799011
134.794, 79, 781.464111
134.794, 79, 782.129211
134.794, 79, 782.794250
134.794, 79, 783.459351
134.794, 79, 784.124390
134.794, 79, 784.789490
134.794, 79, 785.454590
134.794, 79, 786.119629
134.794, 79, 786.784729
134.794, 79, 787.449768
134.794, 79, 788.114868
134.794, 79, 788.779968
134.794, 79, 789.445007
134.794, 79, 790.110107
134.794, 79, 790.775146
134.794, 79, 791.440247
134.794, 79, 792.105347
134.415, 79, 792.770386
134.415, 79, 793.435486
134.415, 79, 794.100525
134.415, 79, 794.765625
134.415, 79, 795.430725
134.415, 79, 796.095764
134.415, 79, 796.760864
134.415, 79, 797.425903
134.415, 79, 798.091003
134.415, 79, 798.756104
134.415, 79, 799.421143
134.415, 79, 800.086243
134.415, 79, 800.751282
134.415, 79, 801.416382
134.415, 79, 802.081482
134.415, 79, 802.746521
134.415, 79, 803.411621
134.415, 79, 804.076660
134.415, 79, 804.741760
134.415, 79, 805.406860
134.415, 79, 806.071899
134.415, 79, 806.737000
134.415, 79, 807.402039
134.415, 79, 808.067139
134.415, 79, 808.732239
134.415, 79, 809.397278
134.415, 79, 810.062378
134.415, 79, 810.727417
134.415, 79, 811.392517
134.415, 79, 812.057617
134.604, 79, 812.722656
134.604, 79, 813.387756
134.604, 79, 814.052856
134.604, 79, 814.717896
134.604, 79, 815.382996
134.604, 79, 816.048035
134.604, 79, 816.713135
134.604, 79, 817.378235
134.604, 79, 818.043274
134.604, 79, 818.708374
134.604, 79, 819.373413
134.604, 79, 820.038513
134.604, 79, 820.703613
134.604, 79, 821.368652
134.604, 79, 822.033752
134.604, 79, 822.698792
134.604, 79, 823.363892
134.604, 79, 824.028992
134.604, 79, 824.694031
134.604, 79, 825.359131
134.604, 79, 826.024170
134.604, 79, 826.689270
134.604, 79, 827.354370
134.604, 79, 828.019409
134.604, 79, 828.684509
134.604, 79, 829.349548
134.604, 79, 830.014648
134.604, 79, 830.679749
134.604, 79, 831.344788
134.604, 79, 832.009888
134.945, 79, 832.674927
134.945, 79, 833.340027
134.945, 79, 834.005127
134.945, 79, 834.670166
134.945, 79, 835.335266
134.945, 79, 836.000305
134.945, 79, 836.665405
134.945, 79, 837.330505
134.945, 79, 837.995544
134.945, 79, 838.660645
134.945, 79, 839.325684
134.945, 79, 839.990784
134.945, 79, 840.655884
134.945, 79, 841.320923
134.945, 79, 841.986023
134.945, 79, 842.651062
134.945, 79, 843.316162
134.945, 79, 843.981262
134.945, 79, 844.646301
134.945, 79, 845.311401
134.945, 79, 845.976440
134.945, 79, 846.641541
134.945, 79, 847.306641
134.945, 79, 847.971680
134.945, 79, 848.636780
134.945, 79, 849.301819
134.945, 79, 849.966919
134.945, 79, 850.632019
134.945, 79, 851.297058
135.078, 79, 851.962158
135.078, 79, 852.627197
135.078, 79, 853.292297
135.078, 79, 853.957397
135.078, 79, 854.622437
135.078, 79, 855.287537
135.078, 79, 855.952576
135.078, 79, 856.617676
135.078, 79, 857.282776
135.078, 79, 857.947815
135.078, 79, 858.612915
135.078, 79, 859.277954
135.078, 79, 859.943054
135.078, 79, 860.608154
135.078, 79, 861.273193
135.078, 79, 861.938293
135.078, 79, 862.603333
135.078, 79, 863.268433
135.078, 79, 863.933533
135.078, 79, 864.598572
135.078, 79, 865.263672
135.078, 79, 865.928772
135.078, 79, 866.593811
135.078, 79, 867.258911
135.078, 79, 867.923950
135.078, 79, 868.589050
135.078, 79, 869.254150
135.078, 79, 869.919189
135.078, 79, 870.584290
135.078, 79, 871.249329
135.078, 79, 871.914429
135.363, 79, 872.579529
135.363, 79, 873.244568
135.363, 79, 873.909668
135.363, 79, 874.574707
135.363, 79, 875.239807
135.363, 79, 875.904907
135.363, 79, 876.569946
135.363, 79, 877.235046
135.363, 79, 877.900085
135.363, 79, 878.565186
135.363, 79, 879.230286
135.363, 79, 879.895325
135.363, 79, 880.560425
135.363, 79, 881.225464
135.363, 79, 881.890564
135.363, 79, 882.555664
135.363, 79, 883.220703
135.363, 79, 883.885803
135.363, 79, 884.550842
135.363, 79, 885.215942
135.363, 79, 885.881042
135.363, 79, 886.546082
135.363, 79, 887.211182
135.363, 79, 887.876221
135.363, 79, 888.541321
135.363, 79, 889.206421
135.363, 79, 889.871460
135.363, 79, 890.536560
135.363, 79, 891.201599
135.363, 79, 891.866699
135.363, 79, 892.531799
134.604, 79, 893.196838
134.604, 79, 893.861938
134.604, 79, 894.526978
134.604, 79, 895.192078
134.604, 79, 895.857178
134.604, 79, 896.522217
134.604, 79, 897.187317
134.604, 79, 897.852356
134.604, 79, 898.517456
134.604, 79, 899.182556
134.604, 79, 899.847595
134.604, 79, 900.512695
134.604, 79, 901.177734
134.604, 79, 901.842834
134.604, 79, 902.507935
134.604, 79, 903.172974
134.604, 79, 903.838074
134.604, 79, 904.503113
134.604, 79, 905.168213
134.604, 79, 905.833313
134.604, 79, 906.498352
134.604, 79, 907.163452
134.604, 79, 907.828491
134.604, 79, 908.493591
134.604, 79, 909.158691
134.604, 79, 909.823730
134.604, 79, 910.488831
134.604, 79, 911.153870
134.604, 79, 911.818970
134.604, 79, 912.484070
134.604, 79, 913.149109
134.661, 79, 913.814209
134.661, 79, 914.479248
134.661, 79, 915.144348
134.661, 79, 915.809448
134.661, 79, 916.474487
134.661, 79, 917.139587
134.661, 79, 917.804688
134.661, 79, 918.469727
134.661, 79, 919.134827
134.661, 79, 919.799866
134.661, 79, 920.464966
134.661, 79, 921.130066
134.661, 79, 921.795105
134.661, 79, 922.460205
134.661, 79, 923.125244
134.661, 79, 923.790344
134.661, 79, 924.455444
134.661, 79, 925.120483
134.661, 79, 925.785583
134.661, 79, 926.450623
134.661, 79, 927.115723
134.661, 79, 927.780823
134.661, 79, 928.445862
134.661, 79, 929.110962
134.661, 79, 929.776001
134.661, 79, 930.441101
134.661, 79, 931.106201
134.661, 79, 931.771240
134.661, 79, 932.436340
134.661, 79, 933.101379
135.040, 79, 933.766479
135.040, 79, 934.431580
135.040, 79, 935.096619
135.040, 79, 935.761719
135.040, 79, 936.426758
135.040, 79, 937.091858
135.040, 79, 937.756958
135.040, 79, 938.421997
135.040, 79, 939.087097
135.040, 79, 939.752136
135.040, 79, 940.417236
135.040, 79, 941.082336
135.040, 79, 941.747375
135.040, 79, 942.412476
135.040, 79, 943.077515
135.040, 79, 943.742615
135.040, 79, 944.407715
135.040, 79, 945.072754
135.040, 79, 945.737854
135.040, 79, 946.402893
135.040, 79, 947.067993
135.040, 79, 947.733093
135.040, 79, 948.398132
135.040, 79, 949.063232
135.040, 79, 949.728271
135.040, 79, 950.393372
135.040, 79, 951.058472
135.040, 79, 951.723511
135.040, 79, 952.388611
134.983, 79, 953.053650
134.983, 79, 953.718750
134.983, 79, 954.383850
134.983, 79, 955.048889
134.983, 79, 955.713989
134.983, 79, 956.379028
134.983, 79, 957.044128
134.983, 79, 957.709229
134.983, 79, 958.374268
134.983, 79, 959.039368
134.983, 79, 959.704407
134.983, 79, 960.369507
134.983, 79, 961.034607
134.983, 79, 961.699646
134.983, 79, 962.364746
134.983, 79, 963.029785
134.983, 79, 963.694885
134.983, 79, 964.359985
134.983, 79, 965.025024
134.983, 79, 965.690125
134.983, 79, 966.355164
134.983, 79, 967.020264
134.983, 79, 967.685364
134.983, 79, 968.350403
134.983, 79, 969.015503
134.983, 79, 969.680603
134.983, 79, 970.345642
134.983, 79, 971.010742
134.983, 79, 971.675781
134.983, 79, 972.340881
134.983, 79, 973.005981
134.889, 79, 973.671021
134.889, 79, 974.336121
134.889, 79, 975.001160
134.889, 79, 975.666260
134.889, 79, 976.331360
134.889, 79, 976.996399
134.889, 79, 977.661499
134.889, 79, 978.326538
134.889, 79, 978.991638
134.889, 79, 979.656738
134.889, 79, 980.321777
134.889, 79, 980.986877
134.889, 79, 981.651917
134.889, 79, 982.317017
134.889, 79, 982.982117
134.889, 79, 983.647156
134.889, 79, 984.312256
134.889, 79, 984.977295
134.889, 79, 985.642395
134.889, 79, 986.307495
134.889, 79, 986.972534
134.889, 79, 987.637634
134.889, 79, 988.302673
134.889, 79, 988.967773
134.889, 79, 989.632874
134.889, 79, 990.297913
134.889, 79, 990.963013
134.889, 79, 991.628052
134.889, 79, 992.293152
134.889, 79, 992.958252
134.889, 79, 993.623291
135.363, 79, 994.288391
135.363, 79, 994.953430
135.363, 79, 995.618530
135.363, 79, 996.283630
135.363, 79, 996.948669
135.363, 79, 997.613770
135.363, 79, 998.278809
135.363, 79, 998.943909
135.363, 79, 999.609009
135.363, 79, 1000.274048
135.363, 79, 1000.939148
135.363, 79, 1001.604187
135.363, 79, 1002.269287
135.363, 79, 1002.934387
135.363, 79, 1003.599426
135.363, 79, 1004.264526
135.363, 79, 1004.929565
135.363, 79, 1005.594666
135.363, 79, 1006.259766
135.363, 79, 1006.924805
135.363, 79, 1007.589905
135.363, 79, 1008.254944
135.363, 79, 1008.920044
135.363, 79, 1009.585144
135.363, 79, 1010.250183
135.363, 79, 1010.915283
135.363, 79, 1011.580322
135.363, 79, 1012.245422
135.363, 79, 1012.910522
135.363, 79, 1013.575562
135.363, 79, 1014.240662
135.325, 79, 1014.905701
135.325, 79, 1015.570801
135.325, 79, 1016.235901
135.325, 79, 1016.900940
135.325, 79, 1017.566040
135.325, 79, 1018.231079
135.325, 79, 1018.896179
135.325, 79, 1019.561279
135.325, 79, 1020.226318
135.325, 79, 1020.891418
135.325, 79, 1021.556519
135.325, 79, 1022.221558
135.325, 79, 1022.886658
135.325, 79, 1023.551697
135.325, 79, 1024.216797
135.325, 79, 1024.881836
135.325, 79, 1025.546997
135.325, 79, 1026.212036
135.325, 79, 1026.877075
135.325, 79, 1027.542114
135.325, 79, 1028.207275
135.325, 79, 1028.872314
135.325, 79, 1029.537354
135.325, 79, 1030.202515
135.325, 79, 1030.867554
135.325, 79, 1031.532593
135.325, 79, 1032.197754
135.325, 79, 1032.862793
135.325, 79, 1033.527832
135.325, 79, 1034.192871
135.268, 79, 1034.858032
135.268, 79, 1035.523071
135.268, 79, 1036.188110
135.268, 79, 1036.853271
135.268, 79, 1037.518311
135.268, 79, 1038.183350
135.268, 79, 1038.848511
135.268, 79, 1039.513550
135.268, 79, 1040.178589
135.268, 79, 1040.843628
135.268, 79, 1041.508789
135.268, 79, 1042.173828
135.268, 79, 1042.838867
135.268, 79, 1043.504028
135.268, 79, 1044.169067
135.268, 79, 1044.834106
135.268, 79, 1045.499268
135.268, 79, 1046.164307
135.268, 79, 1046.829346
135.268, 79, 1047.494385
135.268, 79, 1048.159546
135.268, 79, 1048.824585
135.268, 79, 1049.489624
135.268, 79, 1050.154785
135.268, 79, 1050.819824
135.268, 79, 1051.484863
135.268, 79, 1052.150024
135.268, 79, 1052.815063
135.268, 79, 1053.480103
135.457, 79, 1054.145264
135.457, 79, 1054.810303
135.457, 79, 1055.475342
135.457, 79, 1056.140381
135.457, 79, 1056.805542
135.457, 79, 1057.470581
135.457, 79, 1058.135620
135.457, 79, 1058.800781
135.457, 79, 1059.465820
135.457, 79, 1060.130859
135.457, 79, 1060.796021
135.457, 79, 1061.461060
135.457, 79, 1062.126099
135.457, 79, 1062.791138
135.457, 79, 1063.456299
135.457, 79, 1064.121338
135.457, 79, 1064.786377
135.457, 79, 1065.451538
135.457, 79, 1066.116577
135.457, 79, 1066.781616
135.457, 79, 1067.446777
135.457, 79, 1068.111816
135.457, 79, 1068.776855
135.457, 79, 1069.441895
135.457, 79, 1070.107056
135.457, 79, 1070.772095
135.457, 79, 1071.437134
135.457, 79, 1072.102295
135.457, 79, 1072.767334
135.457, 79, 1073.432373
135.457, 79, 1074.097534
135.647, 79, 1074.762573
135.647, 79, 1075.427612
135.647, 79, 1076.092651
135.647, 79, 1076.757812
135.647, 79, 1077.422852
135.647, 79, 1078.087891
135.647, 79, 1078.753052
135.647, 79, 1079.418091
135.647, 79, 1080.083130
135.647, 79, 1080.748291
135.647, 79, 1081.413330
135.647, 79, 1082.078369
135.647, 79, 1082.743408
135.647, 79, 1083.408569
135.647, 79, 1084.073608
135.647, 79, 1084.738647
135.647, 79, 1085.403809
135.647, 79, 1086.068848
135.647, 79, 1086.733887
135.647, 79, 1087.399048
135.647, 79, 1088.064087
135.647, 79, 1088.729126
135.647, 79, 1089.394165
135.647, 79, 1090.059326
135.647, 79, 1090.724365
135.647, 79, 1091.389404
135.647, 79, 1092.054565
135.647, 79, 1092.719604
135.647, 79, 1093.384644
135.647, 79, 1094.049805
135.647, 79, 1094.714844
135.931, 79, 1095.379883
135.931, 79, 1096.044922
135.931, 79, 1096.710083
135.931, 79, 1097.375122
135.931, 79, 1098.040161
135.931, 79, 1098.705322
135.931, 79, 1099.370361
135.931, 79, 1100.035400
135.931, 79, 1100.700562
135.931, 79, 1101.365601
135.931, 79, 1102.030640
135.931, 79, 1102.695801
135.931, 79, 1103.360840
135.931, 79, 1104.025879
135.931, 79, 1104.690918
135.931, 79, 1105.356079
135.931, 79, 1106.021118
135.931, 79, 1106.686157
135.931, 79, 1107.351318
135.931, 79, 1108.016357
135.931, 79, 1108.681396
135.931, 79, 1109.346558
135.931, 79, 1110.011597
135.931, 79, 1110.676636
135.931, 79, 1111.341675
135.931, 79, 1112.006836
135.931, 79, 1112.671875
135.931, 79, 1113.336914
135.931, 79, 1114.002075
135.931, 79, 1114.667114
135.931, 79, 1115.332153
134.983, 79, 1115.997314
134.983, 79, 1116.662354
134.983, 79, 1117.327393
134.983, 79, 1117.992432
134.983, 79, 1118.657593
134.983, 79, 1119.322632
134.983, 79, 1119.987671
134.983, 79, 1120.652832
134.983, 79, 1121.317871
134.983, 79, 1121.982910
134.983, 79, 1122.648071
134.983, 79, 1123.313110
134.983, 79, 1123.978149
134.983, 79, 1124.643188
134.983, 79, 1125.308350
134.983, 79, 1125.973389
134.983, 79, 1126.638428
134.983, 79, 1127.303589
134.983, 79, 1127.968628
134.983, 79, 1128.633667
134.983, 79, 1129.298828
134.983, 79, 1129.963867
134.983, 79, 1130.628906
134.983, 79, 1131.293945
134.983, 79, 1131.959106
134.983, 79, 1132.624146
134.983, 79, 1133.289185
134.983, 79, 1133.954346
134.983, 79, 1134.619385
134.983, 79, 1135.284424
134.983, 79, 1135.949585
134.509, 79, 1136.614624
134.509, 79, 1137.279663
134.509, 79, 1137.944702
134.509, 79, 1138.609863
134.509, 79, 1139.274902
134.509, 79, 1139.939941
134.509, 79, 1140.605103
134.509, 79, 1141.270142
134.509, 79, 1141.935181
134.509, 79, 1142.600342
134.509, 79, 1143.265381
134.509, 79, 1143.930420
134.509, 79, 1144.595459
134.509, 79, 1145.260620
134.509, 79, 1145.925659
134.509, 79, 1146.590698
134.509, 79, 1147.255859
134.509, 79, 1147.920898
134.509, 79, 1148.585938
134.509, 79, 1149.251099
134.509, 79, 1149.916138
134.509, 79, 1150.581177
134.509, 79, 1151.246216
134.509, 79, 1151.911377
134.509, 79, 1152.576416
134.509, 79, 1153.241455
134.509, 79, 1153.906616
134.509, 79, 1154.571655
134.794, 79, 1155.236694
134.794, 79, 1155.901855
134.794, 79, 1156.566895
134.794, 79, 1157.231934
134.794, 79, 1157.897095
134.794, 79, 1158.562134
134.794, 79, 1159.227173
134.794, 79, 1159.892212
134.794, 79, 1160.557373
134.794, 79, 1161.222412
134.794, 79, 1161.887451
134.794, 79, 1162.552612
134.794, 79, 1163.217651
134.794, 79, 1163.882690
134.794, 79, 1164.547852
134.794, 79, 1165.212891
134.794, 79, 1165.877930
134.794, 79, 1166.542969
134.794, 79, 1167.208130
134.794, 79, 1167.873169
134.794, 79, 1168.538208
134.794, 79, 1169.203369
134.794, 79, 1169.868408
134.794, 79, 1170.533447
134.794, 79, 1171.198608
134.794, 79, 1171.863647
134.794, 79, 1172.528687
134.794, 79, 1173.193726
134.794, 79, 1173.858887
134.794, 79, 1174.523926
134.794, 79, 1175.188965
134.699, 79, 1175.854126
134.699, 79, 1176.519165
134.699, 79, 1177.184204
134.699, 79, 1177.849365
134.699, 79, 1178.514404
134.699, 79, 1179.179443
134.699, 79, 1179.844482
134.699, 79, 1180.509644
134.699, 79, 1181.174683
134.699, 79, 1181.839722
134.699, 79, 1182.504883
134.699, 79, 1183.169922
134.699, 79, 1183.834961
134.699, 79, 1184.500122
134.699, 79, 1185.165161
134.699, 79, 1185.830200
134.699, 79, 1186.495239
134.699, 79, 1187.160400
134.699, 79, 1187.825439
134.699, 79, 1188.490479
134.699, 79, 1189.155640
134.699, 79, 1189.820679
134.699, 79, 1190.485718
134.699, 79, 1191.150879
134.699, 79, 1191.815918
134.699, 79, 1192.480957
134.699, 79, 1193.145996
134.699, 79, 1193.811157
134.699, 79, 1194.476196
134.699, 79, 1195.141235
134.699, 79, 1195.806396
135.040, 79, 1196.471436
135.040, 79, 1197.136475
135.040, 79, 1197.801636
135.040, 79, 1198.466675
135.040, 79, 1199.131714
135.040, 79, 1199.796753
135.040, 79, 1200.461914
135.040, 79, 1201.126953
135.040, 79, 1201.791992
135.040, 79, 1202.457153
135.040, 79, 1203.122192
135.040, 79, 1203.787231
135.040, 79, 1204.452393
135.040, 79, 1205.117432
135.040, 79, 1205.782471
135.040, 79, 1206.447632
135.040, 79, 1207.112671
135.040, 79, 1207.777710
135.040, 79, 1208.442749
135.040, 79, 1209.107910
135.040, 79, 1209.772949
135.040, 79, 1210.437988
135.040, 79, 1211.103149
135.040, 79, 1211.768188
135.040, 79, 1212.433228
135.040, 79, 1213.098389
135.040, 79, 1213.763428
135.040, 79, 1214.428467
135.040, 79, 1215.093506
135.040, 79, 1215.758667
135.173, 79, 1216.423706
135.173, 79, 1217.088745
135.173, 79, 1217.753906
135.173, 79, 1218.418945
135.173, 79, 1219.083984
135.173, 79, 1219.749146
135.173, 79, 1220.414185
135.173, 79, 1221.079224
135.173, 79, 1221.744263
135.173, 79, 1222.409424
135.173, 79, 1223.074463
135.173, 79, 1223.739502
135.173, 79, 1224.404663
135.173, 79, 1225.069702
135.173, 79, 1225.734741
135.173, 79, 1226.399902
135.173, 79, 1227.064941
135.173, 79, 1227.729980
135.173, 79, 1228.395020
135.173, 79, 1229.060181
135.173, 79, 1229.725220
135.173, 79, 1230.390259
135.173, 79, 1231.055420
135.173, 79, 1231.720459
135.173, 79, 1232.385498
135.173, 79, 1233.050659
135.173, 79, 1233.715698
135.173, 79, 1234.380737
135.173, 79, 1235.045776
135.173, 79, 1235.710938
134.983, 79, 1236.375977
134.983, 79, 1237.041016
134.983, 79, 1237.706177
134.983, 79, 1238.371216
134.983, 79, 1239.036255
134.983, 79, 1239.701416
134.983, 79, 1240.366455
134.983, 79, 1241.031494
134.983, 79, 1241.696533
134.983, 79, 1242.361694
134.983, 79, 1243.026733
134.983, 79, 1243.691772
134.983, 79, 1244.356934
134.983, 79, 1245.021973
134.983, 79, 1245.687012
134.983, 79, 1246.352173
134.983, 79, 1247.017212
134.983, 79, 1247.682251
134.983, 79, 1248.347290
134.983, 79, 1249.012451
134.983, 79, 1249.677490
134.983, 79, 1250.342529
134.983, 79, 1251.007690
134.983, 79, 1251.672729
134.983, 79, 1252.337769
134.983, 79, 1253.002930
134.983, 79, 1253.667969
134.983, 79, 1254.333008
134.983, 79, 1254.998047
134.889, 79, 1255.663208
134.889, 79, 1256.328247
134.889, 79, 1256.993286
134.889, 79, 1257.658447
134.889, 79, 1258.323486
134.889, 79, 1258.988525
134.889, 79, 1259.653687
134.889, 79, 1260.318726
134.889, 79, 1260.983765
134.889, 79, 1261.648926
134.889, 79, 1262.313965
134.889, 79, 1262.979004
134.889, 79, 1263.644043
134.889, 79, 1264.309204
134.889, 79, 1264.974243
134.889, 79, 1265.639282
134.889, 79, 1266.304443
134.889, 79, 1266.969482
134.889, 79, 1267.634521
134.889, 79, 1268.299683
134.889, 79, 1268.964722
134.889, 79, 1269.629761
134.889, 79, 1270.294800
134.889, 79, 1270.959961
134.889, 79, 1271.625000
134.889, 79, 1272.290039
134.889, 79, 1272.955200
134.889, 79, 1273.620239
134.889, 79, 1274.285278
135.363, 79, 1274.950439
135.363, 79, 1275.615479
135.363, 79, 1276.280518
135.363, 79, 1276.945557
135.363, 79, 1277.610718
135.363, 79, 1278.275757
135.363, 79, 1278.940796
135.363, 79, 1279.605957
135.363, 79, 1280.270996
135.363, 79, 1280.936035
135.363, 79, 1281.601196
135.363, 79, 1282.266235
135.363, 79, 1282.931274
135.363, 79, 1283.596313
135.363, 79, 1284.261475
135.363, 79, 1284.926514
135.363, 79, 1285.591553
135.363, 79, 1286.256714
135.363, 79, 1286.921753
135.363, 79, 1287.586792
135.363, 79, 1288.251953
135.363, 79, 1288.916992
135.363, 79, 1289.582031
135.363, 79, 1290.247070
135.363, 79, 1290.912231
135.363, 79, 1291.577271
135.363, 79, 1292.242310
135.363, 79, 1292.907471
135.363, 79, 1293.572510
135.363, 79, 1294.237549
135.363, 79, 1294.902710
135.363, 79, 1295.567749
135.363, 79, 1296.232788
135.363, 79, 1296.897827
135.363, 79, 1297.562988
135.363, 79, 1298.228027
135.363, 79, 1298.893066
135.363, 79, 1299.558228
135.363, 79, 1300.223267
135.363, 79, 1300.888306
135.363, 79, 1301.553467
135.363, 79, 1302.218506
135.363, 79, 1302.883545
135.363, 79, 1303.548584
135.363, 79, 1304.213745
135.363, 79, 1304.878784
135.363, 79, 1305.543823
135.363, 79, 1306.208984
135.363, 79, 1306.874023
135.363, 79, 1307.539062
135.363, 79, 1308.204224
135.363, 79, 1308.869263
135.363, 79, 1309.534302
135.363, 79, 1310.199463
135.363, 79, 1310.864502
135.363, 79, 1311.529541
135.363, 79, 1312.194580
135.363, 79, 1312.859741
135.363, 79, 1313.524780
135.363, 79, 1314.189819
135.363, 79, 1314.854980
135.363, 79, 1315.520020
135.552, 79, 1316.185059
135.552, 79, 1316.850220
135.552, 79, 1317.515259
135.552, 79, 1318.180298
135.552, 79, 1318.845337
135.552, 79, 1319.510498
135.552, 79, 1320.175537
135.552, 79, 1320.840576
135.552, 79, 1321.505737
135.552, 79, 1322.170776
135.552, 79, 1322.835815
135.552, 79, 1323.500977
135.552, 79, 1324.166016
135.552, 79, 1324.831055
135.552, 79, 1325.496094
135.552, 79, 1326.161255
135.552, 79, 1326.826294
135.552, 79, 1327.491333
135.552, 79, 1328.156494
135.552, 79, 1328.821533
135.552, 79, 1329.486572
135.552, 79, 1330.151733
135.552, 79, 1330.816772
135.552, 79, 1331.481812
135.552, 79, 1332.146851
135.552, 79, 1332.812012
135.552, 79, 1333.477051
135.552, 79, 1334.142090
135.552, 79, 1334.807251
135.552, 79, 1335.472290
135.552, 79, 1336.137329
134.794, 79, 1336.802490
134.794, 79, 1337.467529
134.794, 79, 1338.132568
134.794, 79, 1338.797607
134.794, 79, 1339.462769
134.794, 79, 1340.127808
134.794, 79, 1340.792847
134.794, 79, 1341.458008
134.794, 79, 1342.123047
134.794, 79, 1342.788086
134.794, 79, 1343.453247
134.794, 79, 1344.118286
134.794, 79, 1344.783325
134.794, 79, 1345.448364
134.794, 79, 1346.113525
134.794, 79, 1346.778564
134.794, 79, 1347.443604
134.794, 79, 1348.108765
134.794, 79, 1348.773804
134.794, 79, 1349.438843
134.794, 79, 1350.104004
134.794, 79, 1350.769043
134.794, 79, 1351.434082
134.794, 79, 1352.099121
134.794, 79, 1352.764282
134.794, 79, 1353.429321
134.794, 79, 1354.094360
134.794, 79, 1354.759521
134.794, 79, 1355.424561
134.699, 79, 1356.089600
134.699, 79, 1356.754761
134.699, 79, 1357.419800
134.699, 79, 1358.084839
134.699, 79, 1358.749878
134.699, 79, 1359.415039
134.699, 79, 1360.080078
134.699, 79, 1360.745117
134.699, 79, 1361.410278
134.699, 79, 1362.075317
134.699, 79, 1362.740356
134.699, 79, 1363.405518
134.699, 79, 1364.070557
134.699, 79, 1364.735596
134.699, 79, 1365.400757
134.699, 79, 1366.065796
134.699, 79, 1366.730835
134.699, 79, 1367.395874
134.699, 79, 1368.061035
134.699, 79, 1368.726074
134.699, 79, 1369.391113
134.699, 79, 1370.056274
134.699, 79, 1370.721313
134.699, 79, 1371.386353
134.699, 79, 1372.051514
134.699, 79, 1372.716553
134.699, 79, 1373.381592
134.794, 79, 1374.046631
134.794, 79, 1374.711792
134.794, 79, 1375.376831
134.794, 79, 1376.041870
134.794, 79, 1376.707031
134.794, 79, 1377.372070
134.794, 79, 1378.037109
134.794, 79, 1378.702271
134.794, 79, 1379.367310
134.794, 79, 1380.032349
134.794, 79, 1380.697388
134.794, 79, 1381.362549
134.794, 79, 1382.027588
134.794, 79, 1382.692627
134.794, 79, 1383.357788
134.794, 79, 1384.022827
134.794, 79, 1384.687866
134.794, 79, 1385.353027
134.794, 79, 1386.018066
134.794, 79, 1386.683105
134.794, 79, 1387.348145
134.794, 79, 1388.013306
134.794, 79, 1388.678345
134.794, 79, 1389.343384
134.794, 79, 1390.008545
134.794, 79, 1390.673584
134.794, 79, 1391.338623
134.794, 79, 1392.003784
134.794, 79, 1392.668823
134.604, 79, 1393.333862
134.604, 79, 1393.998901
134.604, 79, 1394.664062
134.604, 79, 1395.329102
134.604, 79, 1395.994141
134.604, 79, 1396.659302
134.604, 79, 1397.324341
134.604, 79, 1397.989380
134.604, 79, 1398.654541
134.604, 79, 1399.319580
134.604, 79, 1399.984619
134.604, 79, 1400.649658
134.604, 79, 1401.314819
134.604, 79, 1401.979858
134.604, 79, 1402.644897
134.604, 79, 1403.310059
134.604, 79, 1403.975098
134.604, 79, 1404.640137
134.604, 79, 1405.305298
134.604, 79, 1405.970337
134.604, 79, 1406.635376
134.604, 79, 1407.300415
134.604, 79, 1407.965576
134.604, 79, 1408.630615
134.604, 79, 1409.295654
134.604, 79, 1409.960815
134.604, 79, 1410.625854
134.604, 79, 1411.290894
134.604, 79, 1411.956055
134.604, 79, 1412.621094
134.983, 79, 1413.286133
134.983, 79, 1413.951172
134.983, 79, 1414.616333
134.983, 79, 1415.281372
134.983, 79, 1415.946411
134.983, 79, 1416.611572
134.983, 79, 1417.276611
134.983, 79, 1417.941650
134.983, 79, 1418.606812
134.983, 79, 1419.271851
134.983, 79, 1419.936890
134.983, 79, 1420.602051
134.983, 79, 1421.267090
134.983, 79, 1421.932129
134.983, 79, 1422.597168
134.983, 79, 1423.262329
134.983, 79, 1423.927368
134.983, 79, 1424.592407
134.983, 79, 1425.257568
134.983, 79, 1425.922607
134.983, 79, 1426.587646
134.983, 79, 1427.252808
134.983, 79, 1427.917847
134.983, 79, 1428.582886
134.983, 79, 1429.247925
134.983, 79, 1429.913086
134.983, 79, 1430.578125
134.983, 79, 1431.243164
134.983, 79, 1431.908325
134.983, 79, 1432.573364
135.268, 79, 1433.238403
135.268, 79, 1433.903564
135.268, 79, 1434.568604
135.268, 79, 1435.233643
135.268, 79, 1435.898682
135.268, 79, 1436.563843
135.268, 79, 1437.228882
135.268, 79, 1437.893921
135.268, 79, 1438.559082
135.268, 79, 1439.224121
135.268, 79, 1439.889160
135.268, 79, 1440.554321
135.268, 79, 1441.219360
135.268, 79, 1441.884399
135.268, 79, 1442.549438
135.268, 79, 1443.214600
135.268, 79, 1443.879639
135.268, 79, 1444.544678
135.268, 79, 1445.209839
135.268, 79, 1445.874878
135.268, 79, 1446.539917
135.268, 79, 1447.205078
135.268, 79, 1447.870117
135.268, 79, 1448.535156
135.268, 79, 1449.200195
135.268, 79, 1449.865356
135.268, 79, 1450.530396
135.268, 79, 1451.195435
135.268, 79, 1451.860596
135.078, 79, 1452.525635
135.078, 79, 1453.190674
135.078, 79, 1453.855835
135.078, 79, 1454.520874
135.078, 79, 1455.185913
135.078, 79, 1455.850952
135.078, 79, 1456.516113
135.078, 79, 1457.181152
135.078, 79, 1457.846191
135.078, 79, 1458.511353
135.078, 79, 1459.176392
135.078, 79, 1459.841431
135.078, 79, 1460.506592
135.078, 79, 1461.171631
135.078, 79, 1461.836670
135.078, 79, 1462.501709
135.078, 79, 1463.166870
135.078, 79, 1463.831909
135.078, 79, 1464.496948
135.078, 79, 1465.162109
135.078, 79, 1465.827148
135.078, 79, 1466.492188
135.078, 79, 1467.157349
135.078, 79, 1467.822388
135.078, 79, 1468.487427
135.078, 79, 1469.152588
135.078, 79, 1469.817627
135.078, 79, 1470.482666
135.078, 79, 1471.147705
135.078, 79, 1471.812866
135.078, 79, 1472.477905
134.794, 79, 1473.142944
134.794, 79, 1473.808105
134.794, 79, 1474.473145
134.794, 79, 1475.138184
134.794, 79, 1475.803345
134.794, 79, 1476.468384
134.794, 79, 1477.133423
134.794, 79, 1477.798462
134.794, 79, 1478.463623
134.794, 79, 1479.128662
134.794, 79, 1479.793701
134.794, 79, 1480.458862
134.794, 79, 1481.123901
134.794, 79, 1481.788940
134.794, 79, 1482.454102
134.794, 79, 1483.119141
134.794, 79, 1483.784180
134.794, 79, 1484.449219
134.794, 79, 1485.114380
134.794, 79, 1485.779419
134.794, 79, 1486.444458
134.794, 79, 1487.109619
134.794, 79, 1487.774658
134.794, 79, 1488.439697
134.794, 79, 1489.104858
134.794, 79, 1489.769897
134.794, 79, 1490.434937
134.794, 79, 1491.099976
134.794, 79, 1491.765137
134.794, 79, 1492.430176
134.794, 79, 1493.095215
135.457, 79, 1493.760376
135.457, 79, 1494.425415
135.457, 79, 1495.090454
135.457, 79, 1495.755615
135.457, 79, 1496.420654
135.457, 79, 1497.085693
135.457, 79, 1497.750732
135.457, 79, 1498.415894
135.457, 79, 1499.080933
135.457, 79, 1499.745972
135.457, 79, 1500.411133
135.457, 79, 1501.076172
135.457, 79, 1501.741211
135.457, 79, 1502.406372
135.457, 79, 1503.071411
135.457, 79, 1503.736450
135.457, 79, 1504.401489
135.457, 79, 1505.066650
135.457, 79, 1505.731689
135.457, 79, 1506.396729
135.457, 79, 1507.061890
135.457, 79, 1507.726929
135.457, 79, 1508.391968
135.457, 79, 1509.057129
135.457, 79, 1509.722168
135.457, 79, 1510.387207
135.457, 79, 1511.052246
135.457, 79, 1511.717407
135.457, 79, 1512.382446
135.457, 79, 1513.047485
135.457, 79, 1513.712646
135.363, 79, 1514.377686
135.363, 79, 1515.042725
135.363, 79, 1515.707886
135.363, 79, 1516.372925
135.363, 79, 1517.037964
135.363, 79, 1517.703003
135.363, 79, 1518.368164
135.363, 79, 1519.033203
135.363, 79, 1519.698242
135.363, 79, 1520.363403
135.363, 79, 1521.028442
135.363, 79, 1521.693481
135.363, 79, 1522.358643
135.363, 79, 1523.023682
135.363, 79, 1523.688721
135.363, 79, 1524.353882
135.363, 79, 1525.018921
135.363, 79, 1525.683960
135.363, 79, 1526.348999
135.363, 79, 1527.014160
135.363, 79, 1527.679199
135.363, 79, 1528.344238
135.363, 79, 1529.009399
135.363, 79, 1529.674438
135.363, 79, 1530.339478
135.363, 79, 1531.004639
135.363, 79, 1531.669678
135.363, 79, 1532.334717
135.363, 79, 1532.999756
135.363, 79, 1533.664917
135.363, 79, 1534.329956
135.837, 79, 1534.994995
135.837, 79, 1535.660156
135.837, 79, 1536.325195
135.837, 79, 1536.990234
135.837, 79, 1537.655396
135.837, 79, 1538.320435
135.837, 79, 1538.985474
135.837, 79, 1539.650513
135.837, 79, 1540.315674
135.837, 79, 1540.980713
135.837, 79, 1541.645752
135.837, 79, 1542.310913
135.837, 79, 1542.975952
135.837, 79, 1543.640991
135.837, 79, 1544.306152
135.837, 79, 1544.971191
135.837, 79, 1545.636230
135.837, 79, 1546.301270
135.837, 79, 1546.966431
135.837, 79, 1547.631470
135.837, 79, 1548.296509
135.837, 79, 1548.961670
135.837, 79, 1549.626709
135.837, 79, 1550.291748
135.837, 79, 1550.956909
135.837, 79, 1551.621948
135.837, 79, 1552.286987
135.837, 79, 1552.952026
135.837, 79, 1553.617188
135.078, 79, 1554.282227
135.078, 79, 1554.947266
135.078, 79, 1555.612427
135.078, 79, 1556.277466
135.078, 79, 1556.942505
135.078, 79, 1557.607666
135.078, 79, 1558.272705
135.078, 79, 1558.937744
135.078, 79, 1559.602783
135.078, 79, 1560.267944
135.078, 79, 1560.932983
135.078, 79, 1561.598022
135.078, 79, 1562.263184
135.078, 79, 1562.928223
135.078, 79, 1563.593262
135.078, 79, 1564.258423
135.078, 79, 1564.923462
135.078, 79, 1565.588501
135.078, 79, 1566.253540
135.078, 79, 1566.918701
135.078, 79, 1567.583740
135.078, 79, 1568.248779
135.078, 79, 1568.913940
135.078, 79, 1569.578979
135.078, 79, 1570.244019
135.078, 79, 1570.909180
135.078, 79, 1571.574219
135.078, 79, 1572.239258
135.078, 79, 1572.904419
135.078, 79, 1573.569458
135.078, 79, 1574.234497
134.415, 79, 1574.899536
134.415, 79, 1575.564697
134.415, 79, 1576.229736
134.415, 79, 1576.894775
134.415, 79, 1577.559937
134.415, 79, 1578.224976
134.415, 79, 1578.890015
134.415, 79, 1579.555176
134.415, 79, 1580.220215
134.415, 79, 1580.885254
134.415, 79, 1581.550293
134.415, 79, 1582.215454
134.415, 79, 1582.880493
134.415, 79, 1583.545532
134.415, 79, 1584.210693
134.415, 79, 1584.875732
134.415, 79, 1585.540771
134.415, 79, 1586.205933
134.415, 79, 1586.870972
134.415, 79, 1587.536011
134.415, 79, 1588.201050
134.415, 79, 1588.866211
134.415, 79, 1589.531250
134.415, 79, 1590.196289
134.415, 79, 1590.861450
134.415, 79, 1591.526489
134.415, 79, 1592.191528
134.415, 79, 1592.856689
134.415, 79, 1593.521729
134.415, 79, 1594.186768
134.415, 79, 1594.851807
134.756, 79, 1595.516968
134.756, 79, 1596.182007
134.756, 79, 1596.847046
134.756, 79, 1597.512207
134.756, 79, 1598.177246
134.756, 79, 1598.842285
134.756, 79, 1599.507446
134.756, 79, 1600.172485
134.756, 79, 1600.837524
134.756, 79, 1601.502563
134.756, 79, 1602.167725
134.756, 79, 1602.832764
134.756, 79, 1603.497803
134.756, 79, 1604.162964
134.756, 79, 1604.828003
134.756, 79, 1605.493042
134.756, 79, 1606.158203
134.756, 79, 1606.823242
134.756, 79, 1607.488281
134.756, 79, 1608.153320
134.756, 79, 1608.818481
134.756, 79, 1609.483521
134.756, 79, 1610.148560
134.756, 79, 1610.813721
134.756, 79, 1611.478760
134.756, 79, 1612.143799
134.756, 79, 1612.808960
134.756, 79, 1613.473999
134.756, 79, 1614.139038
134.756, 79, 1614.804077
134.509, 79, 1615.469238
134.509, 79, 1616.134277
134.509, 79, 1616.799316
134.509, 79, 1617.464478
134.509, 79, 1618.129517
134.509, 79, 1618.794556
134.509, 79, 1619.459717
134.509, 79, 1620.124756
134.509, 79, 1620.789795
134.509, 79, 1621.454834
134.509, 79, 1622.119995
134.509, 79, 1622.785034
134.509, 79, 1623.450073
134.509, 79, 1624.115234
134.509, 79, 1624.780273
134.509, 79, 1625.445312
134.509, 79, 1626.110474
134.509, 79, 1626.775513
134.509, 79, 1627.440552
134.509, 79, 1628.105713
134.509, 79, 1628.770752
134.509, 79, 1629.435791
134.509, 79, 1630.100830
134.509, 79, 1630.765991
134.509, 79, 1631.431030
134.509, 79, 1632.096069
134.509, 79, 1632.761230
134.509, 79, 1633.426270
134.509, 79, 1634.091309
134.509, 79, 1634.756470
134.509, 79, 1635.421509
134.794, 79, 1636.086548
134.794, 79, 1636.751587
134.794, 79, 1637.416748
134.794, 79, 1638.081787
134.794, 79, 1638.746826
134.794, 79, 1639.411987
134.794, 79, 1640.077026
134.794, 79, 1640.742065
134.794, 79, 1641.407227
134.794, 79, 1642.072266
134.794, 79, 1642.737305
134.794, 79, 1643.402344
134.794, 79, 1644.067505
134.794, 79, 1644.732544
134.794, 79, 1645.397583
134.794, 79, 1646.062744
134.794, 79, 1646.727783
134.794, 79, 1647.392822
134.794, 79, 1648.057983
134.794, 79, 1648.723022
134.794, 79, 1649.388062
134.794, 79, 1650.053101
134.794, 79, 1650.718262
134.794, 79, 1651.383301
134.794, 79, 1652.048340
134.794, 79, 1652.713501
134.794, 79, 1653.378540
134.983, 79, 1654.043579
134.983, 79, 1654.708740
134.983, 79, 1655.373779
134.983, 79, 1656.038818
134.983, 79, 1656.703857
134.983, 79, 1657.369019
134.983, 79, 1658.034058
134.983, 79, 1658.699097
134.983, 79, 1659.364258
134.983, 79, 1660.029297
134.983, 79, 1660.694336
134.983, 79, 1661.359497
134.983, 79, 1662.024536
134.983, 79, 1662.689575
134.983, 79, 1663.354614
134.983, 79, 1664.019775
134.983, 79, 1664.684814
134.983, 79, 1665.349854
134.983, 79, 1666.015015
134.983, 79, 1666.680054
134.983, 79, 1667.345093
134.983, 79, 1668.010254
134.983, 79, 1668.675293
134.983, 79, 1669.340332
134.983, 79, 1670.005371
134.983, 79, 1670.670532
134.983, 79, 1671.335571
134.983, 79, 1672.000610
134.983, 79, 1672.665771
134.983, 79, 1673.330811
134.983, 79, 1673.995850
134.945, 79, 1674.661011
134.945, 79, 1675.326050
134.945, 79, 1675.991089
134.945, 79, 1676.656250
134.945, 79, 1677.321289
134.945, 79, 1677.986328
134.945, 79, 1678.651367
134.945, 79, 1679.316528
134.945, 79, 1679.981567
134.945, 79, 1680.646606
134.945, 79, 1681.311768
134.945, 79, 1681.976807
134.945, 79, 1682.641846
134.945, 79, 1683.307007
134.945, 79, 1683.972046
134.945, 79, 1684.637085
134.945, 79, 1685.302124
134.945, 79, 1685.967285
134.945, 79, 1686.632324
134.945, 79, 1687.297363
134.945, 79, 1687.962524
134.945, 79, 1688.627563
134.945, 79, 1689.292603
134.945, 79, 1689.957764
134.945, 79, 1690.622803
134.945, 79, 1691.287842
134.945, 79, 1691.952881
134.945, 79, 1692.618042
134.945, 79, 1693.283081
134.945, 79, 1693.948120
134.945, 79, 1694.613281
134.699, 79, 1695.278320
134.699, 79, 1695.943359
134.699, 79, 1696.608521
134.699, 79, 1697.273560
134.699, 79, 1697.938599
134.699, 79, 1698.603638
134.699, 79, 1699.268799
134.699, 79, 1699.933838
134.699, 79, 1700.598877
134.699, 79, 1701.264038
134.699, 79, 1701.929077
134.699, 79, 1702.594116
134.699, 79, 1703.259277
134.699, 79, 1703.924316
134.699, 79, 1704.589355
134.699, 79, 1705.254395
134.699, 79, 1705.919556
134.699, 79, 1706.584595
134.699, 79, 1707.249634
134.699, 79, 1707.914795
134.699, 79, 1708.579834
134.699, 79, 1709.244873
134.699, 79, 1709.910034
134.699, 79, 1710.575073
134.699, 79, 1711.240112
134.699, 79, 1711.905151
134.699, 79, 1712.570312
134.699, 79, 1713.235352
134.699, 79, 1713.900391
134.699, 79, 1714.565552
134.699, 79, 1715.230591
135.173, 79, 1715.895630
135.173, 79, 1716.560791
135.173, 79, 1717.225830
135.173, 79, 1717.890869
135.173, 79, 1718.555908
135.173, 79, 1719.221069
135.173, 79, 1719.886108
135.173, 79, 1720.551147
135.173, 79, 1721.216309
135.173, 79, 1721.881348
135.173, 79, 1722.546387
135.173, 79, 1723.211548
135.173, 79, 1723.876587
135.173, 79, 1724.541626
135.173, 79, 1725.206665
135.173, 79, 1725.871826
135.173, 79, 1726.536865
135.173, 79, 1727.201904
135.173, 79, 1727.867065
135.173, 79, 1728.532104
135.173, 79, 1729.197144
135.173, 79, 1729.862305
135.173, 79, 1730.527344
135.173, 79, 1731.192383
135.173, 79, 1731.857544
135.173, 79, 1732.522583
135.173, 79, 1733.187622
135.173, 79, 1733.852661
135.173, 79, 1734.517822
135.173, 79, 1735.182861
135.173, 79, 1735.847900
135.173, 79, 1736.513062
135.173, 79, 1737.178101
135.173, 79, 1737.843140
135.173, 79, 1738.508301
135.173, 79, 1739.173340
135.173, 79, 1739.838379
135.173, 79, 1740.503418
135.173, 79, 1741.168579
135.173, 79, 1741.833618
135.173, 79, 1742.498657
135.173, 79, 1743.163818
135.173, 79, 1743.828857
135.173, 79, 1744.493896
135.173, 79, 1745.159058
135.173, 79, 1745.824097
135.173, 79, 1746.489136
135.173, 79, 1747.154175
135.173, 79, 1747.819336
135.173, 79, 1748.484375
135.173, 79, 1749.149414
135.173, 79, 1749.814575
135.173, 79, 1750.479614
135.173, 79, 1751.144653
135.173, 79, 1751.809814
135.173, 79, 1752.474854
135.173, 79, 1753.139893
135.173, 79, 1753.804932
135.173, 79, 1754.470093
135.173, 79, 1755.135132
135.552, 79, 1755.800171
135.552, 79, 1756.465332
135.552, 79, 1757.130371
135.552, 79, 1757.795410
135.552, 79, 1758.460571
135.552, 79, 1759.125610
135.552, 79, 1759.790649
135.552, 79, 1760.455688
135.552, 79, 1761.120850
135.552, 79, 1761.785889
135.552, 79, 1762.450928
135.552, 79, 1763.116089
135.552, 79, 1763.781128
135.552, 79, 1764.446167
135.552, 79, 1765.111328
135.552, 79, 1765.776367
135.552, 79, 1766.441406
135.552, 79, 1767.106445
135.552, 79, 1767.771606
135.552, 79, 1768.436646
135.552, 79, 1769.101685
135.552, 79, 1769.766846
135.552, 79, 1770.431885
135.552, 79, 1771.096924
135.552, 79, 1771.762085
135.552, 79, 1772.427124
135.552, 79, 1773.092163
135.552, 79, 1773.757202
135.552, 79, 1774.422363
135.552, 79, 1775.087402
134.794, 79, 1775.752441
134.794, 79, 1776.417603
134.794, 79, 1777.082642
134.794, 79, 1777.747681
134.794, 79, 1778.412842
134.794, 79, 1779.077881
134.794, 79, 1779.742920
134.794, 79, 1780.407959
134.794, 79, 1781.073120
134.794, 79, 1781.738159
134.794, 79, 1782.403198
134.794, 79, 1783.068359
134.794, 79, 1783.733398
134.794, 79, 1784.398438
134.794, 79, 1785.063599
134.794, 79, 1785.728638
134.794, 79, 1786.393677
134.794, 79, 1787.058838
134.794, 79, 1787.723877
134.794, 79, 1788.388916
134.794, 79, 1789.053955
134.794, 79, 1789.719116
134.794, 79, 1790.384155
134.794, 79, 1791.049194
134.794, 79, 1791.714355
134.794, 79, 1792.379395
134.794, 79, 1793.044434
134.794, 79, 1793.709595
134.794, 79, 1794.374634
134.794, 79, 1795.039673
134.794, 79, 1795.704712
134.320, 79, 1796.369873
134.320, 79, 1797.034912
134.320, 79, 1797.699951
134.320, 79, 1798.365112
134.320, 79, 1799.030151
134.320, 79, 1799.695190
134.320, 79, 1800.360352
134.320, 79, 1801.025391
134.320, 79, 1801.690430
134.320, 79, 1802.355469
134.320, 79, 1803.020630
134.320, 79, 1803.685669
134.320, 79, 1804.350708
134.320, 79, 1805.015869
134.320, 79, 1805.680908
134.320, 79, 1806.345947
134.320, 79, 1807.011108
134.320, 79, 1807.676147
134.320, 79, 1808.341187
134.320, 79, 1809.006226
134.320, 79, 1809.671387
134.320, 79, 1810.336426
134.320, 79, 1811.001465
134.320, 79, 1811.666626
134.320, 79, 1812.331665
134.320, 79, 1812.996704
134.320, 79, 1813.661865
134.320, 79, 1814.326904
134.320, 79, 1814.991943
134.320, 79, 1815.656982
134.756, 79, 1816.322144
134.756, 79, 1816.987183
134.756, 79, 1817.652222
134.756, 79, 1818.317383
134.756, 79, 1818.982422
134.756, 79, 1819.647461
134.756, 79, 1820.312622
134.756, 79, 1820.977661
134.756, 79, 1821.642700
134.756, 79, 1822.307739
134.756, 79, 1822.972900
134.756, 79, 1823.637939
134.756, 79, 1824.302979
134.756, 79, 1824.968140
134.756, 79, 1825.633179
134.756, 79, 1826.298218
134.756, 79, 1826.963379
134.756, 79, 1827.628418
134.756, 79, 1828.293457
134.756, 79, 1828.958496
134.756, 79, 1829.623657
134.756, 79, 1830.288696
134.756, 79, 1830.953735
134.756, 79, 1831.618896
134.756, 79, 1832.283936
134.756, 79, 1832.948975
134.756, 79, 1833.614136
134.756, 79, 1834.279175
134.756, 79, 1834.944214
134.756, 79, 1835.609375
134.756, 79, 1836.274414
134.756, 79, 1836.939453
134.756, 79, 1837.604492
134.756, 79, 1838.269653
134.756, 79, 1838.934692
134.756, 79, 1839.599731
134.756, 79, 1840.264893
134.756, 79, 1840.929932
134.756, 79, 1841.594971
134.756, 79, 1842.260132
134.756, 79, 1842.925171
134.756, 79, 1843.590210
134.756, 79, 1844.255249
134.756, 79, 1844.920410
134.756, 79, 1845.585449
134.756, 79, 1846.250488
134.756, 79, 1846.915649
134.756, 79, 1847.580688
134.756, 79, 1848.245728
134.756, 79, 1848.910889
134.756, 79, 1849.575928
134.756, 79, 1850.240967
134.756, 79, 1850.906006
134.756, 79, 1851.571167
134.756, 79, 1852.236206
134.756, 79, 1852.901245
134.756, 79, 1853.566406
134.756, 79, 1854.231445
134.756, 79, 1854.896484
134.756, 79, 1855.561646
134.983, 79, 1856.226685
134.983, 79, 1856.891724
134.983, 79, 1857.556763
134.983, 79, 1858.221924
134.983, 79, 1858.886963
134.983, 79, 1859.552002
134.983, 79, 1860.217163
134.983, 79, 1860.882202
134.983, 79, 1861.547241
134.983, 79, 1862.212402
134.983, 79, 1862.877441
134.983, 79, 1863.542480
134.983, 79, 1864.207520
134.983, 79, 1864.872681
134.983, 79, 1865.537720
134.983, 79, 1866.202759
134.983, 79, 1866.867920
134.983, 79, 1867.532959
134.983, 79, 1868.197998
134.983, 79, 1868.863159
134.983, 79, 1869.528198
134.983, 79, 1870.193237
134.983, 79, 1870.858276
134.983, 79, 1871.523438
134.983, 79, 1872.188477
134.983, 79, 1872.853516
134.983, 79, 1873.518677
134.983, 79, 1874.183716
134.983, 79, 1874.848755
134.983, 79, 1875.513916
134.983, 79, 1876.178955
135.173, 79, 1876.843994
135.173, 79, 1877.509033
135.173, 79, 1878.174194
135.173, 79, 1878.839233
135.173, 79, 1879.504272
135.173, 79, 1880.169434
135.173, 79, 1880.834473
135.173, 79, 1881.499512
135.173, 79, 1882.164673
135.173, 79, 1882.829712
135.173, 79, 1883.494751
135.173, 79, 1884.159790
135.173, 79, 1884.824951
135.173, 79, 1885.489990
135.173, 79, 1886.155029
135.173, 79, 1886.820190
135.173, 79, 1887.485229
135.173, 79, 1888.150269
135.173, 79, 1888.815430
135.173, 79, 1889.480469
135.173, 79, 1890.145508
135.173, 79, 1890.810669
135.173, 79, 1891.475708
135.173, 79, 1892.140747
135.173, 79, 1892.805786
135.173, 79, 1893.470947
135.173, 79, 1894.135986
135.173, 79, 1894.801025
135.173, 79, 1895.466187
135.173, 79, 1896.131226
135.173, 79, 1896.796265
134.945, 79, 1897.461426
134.945, 79, 1898.126465
134.945, 79, 1898.791504
134.945, 79, 1899.456543
134.945, 79, 1900.121704
134.945, 79, 1900.786743
134.945, 79, 1901.451782
134.945, 79, 1902.116943
134.945, 79, 1902.781982
134.945, 79, 1903.447021
134.945, 79, 1904.112183
134.945, 79, 1904.777222
134.945, 79, 1905.442261
134.945, 79, 1906.107300
134.945, 79, 1906.772461
134.945, 79, 1907.437500
134.945, 79, 1908.102539
134.945, 79, 1908.767700
134.945, 79, 1909.432739
134.945, 79, 1910.097778
134.945, 79, 1910.762939
134.945, 79, 1911.427979
134.945, 79, 1912.093018
134.945, 79, 1912.758057
134.945, 79, 1913.423218
134.945, 79, 1914.088257
134.945, 79, 1914.753296
134.945, 79, 1915.418457
134.945, 79, 1916.083496
134.945, 79, 1916.748535
134.945, 79, 1917.413696
134.983, 79, 1918.078735
134.983, 79, 1918.743774
134.983, 79, 1919.408813
134.983, 79, 1920.073975
134.983, 79, 1920.739014
134.983, 79, 1921.404053
134.983, 79, 1922.069214
134.983, 79, 1922.734253
134.983, 79, 1923.399292
134.983, 79, 1924.064453
134.983, 79, 1924.729492
134.983, 79, 1925.394531
134.983, 79, 1926.059570
134.983, 79, 1926.724731
134.983, 79, 1927.389771
134.983, 79, 1928.054810
134.983, 79, 1928.719971
134.983, 79, 1929.385010
134.983, 79, 1930.050049
134.983, 79, 1930.715210
134.983, 79, 1931.380249
134.983, 79, 1932.045288
134.983, 79, 1932.710327
134.983, 79, 1933.375488
134.983, 79, 1934.040527
134.983, 79, 1934.705566
134.983, 79, 1935.370728
134.983, 79, 1936.035767
134.983, 79, 1936.700806
134.983, 79, 1937.365967
135.268, 79, 1938.031006
135.268, 79, 1938.696045
135.268, 79, 1939.361206
135.268, 79, 1940.026245
135.268, 79, 1940.691284
135.268, 79, 1941.356323
135.268, 79, 1942.021484
135.268, 79, 1942.686523
135.268, 79, 1943.351562
135.268, 79, 1944.016724
135.268, 79, 1944.681763
135.268, 79, 1945.346802
135.268, 79, 1946.011963
135.268, 79, 1946.677002
135.268, 79, 1947.342041
135.268, 79, 1948.007080
135.268, 79, 1948.672241
135.268, 79, 1949.337280
135.268, 79, 1950.002319
135.268, 79, 1950.667480
135.268, 79, 1951.332520
135.268, 79, 1951.997559
135.268, 79, 1952.662720
135.268, 79, 1953.327759
135.268, 79, 1953.992798
135.268, 79, 1954.657837
135.268, 79, 1955.322998
135.268, 79, 1955.988037
135.268, 79, 1956.653076
135.268, 79, 1957.318237
135.268, 79, 1957.983276
135.268, 79, 1958.648315
135.268, 79, 1959.313477
135.268, 79, 1959.978516
135.268, 79, 1960.643555
135.268, 79, 1961.308594
135.268, 79, 1961.973755
135.268, 79, 1962.638794
135.268, 79, 1963.303833
135.268, 79, 1963.968994
135.268, 79, 1964.634033
135.268, 79, 1965.299072
135.268, 79, 1965.964233
135.268, 79, 1966.629272
135.268, 79, 1967.294312
135.268, 79, 1967.959351
135.268, 79, 1968.624512
135.268, 79, 1969.289551
135.268, 79, 1969.954590
135.268, 79, 1970.619751
135.268, 79, 1971.284790
135.268, 79, 1971.949829
135.268, 79, 1972.614990
135.268, 79, 1973.280029
135.268, 79, 1973.945068
135.268, 79, 1974.610107
135.268, 79, 1975.275269
135.268, 79, 1975.940308
135.268, 79, 1976.605347
135.742, 79, 1977.270508
135.742, 79, 1977.935547
135.742, 79, 1978.600586
135.742, 79, 1979.265747
135.742, 79, 1979.930786
135.742, 79, 1980.595825
135.742, 79, 1981.260864
135.742, 79, 1981.926025
135.742, 79, 1982.591064
135.742, 79, 1983.256104
135.742, 79, 1983.921265
135.742, 79, 1984.586304
135.742, 79, 1985.251343
135.742, 79, 1985.916504
135.742, 79, 1986.581543
135.742, 79, 1987.246582
135.742, 79, 1987.911621
135.742, 79, 1988.576782
135.742, 79, 1989.241821
135.742, 79, 1989.906860
135.742, 79, 1990.572021
135.742, 79, 1991.237061
135.742, 79, 1991.902100
135.742, 79, 1992.567261
135.742, 79, 1993.232300
135.742, 79, 1993.897339
135.742, 79, 1994.562500
135.742, 79, 1995.227539
135.742, 79, 1995.892578
135.742, 79, 1996.557617
135.742, 79, 1997.222778
134.945, 79, 1997.887817
134.945, 79, 1998.552856
134.945, 79, 1999.218018
134.945, 79, 1999.883057
134.945, 79, 2000.548096
134.945, 79, 2001.213257
134.945, 79, 2001.878296
134.945, 79, 2002.543335
134.945, 79, 2003.208374
134.945, 79, 2003.873535
134.945, 79, 2004.538574
134.945, 79, 2005.203613
134.945, 79, 2005.868774
134.945, 79, 2006.533813
134.945, 79, 2007.198853
134.945, 79, 2007.864014
134.945, 79, 2008.529053
134.945, 79, 2009.194092
134.945, 79, 2009.859131
134.945, 79, 2010.524292
134.945, 79, 2011.189331
134.945, 79, 2011.854370
134.945, 79, 2012.519531
134.945, 79, 2013.184570
134.945, 79, 2013.849609
134.945, 79, 2014.514771
134.945, 79, 2015.179810
134.945, 79, 2015.844849
134.945, 79, 2016.509888
134.945, 79, 2017.175049
134.282, 79, 2017.840088
134.282, 79, 2018.505127
134.282, 79, 2019.170288
134.282, 79, 2019.835327
134.282, 79, 2020.500366
134.282, 79, 2021.165527
134.282, 79, 2021.830566
134.282, 79, 2022.495605
134.282, 79, 2023.160645
134.282, 79, 2023.825806
134.282, 79, 2024.490845
134.282, 79, 2025.155884
134.282, 79, 2025.821045
134.282, 79, 2026.486084
134.282, 79, 2027.151123
134.282, 79, 2027.816284
134.282, 79, 2028.481323
134.282, 79, 2029.146362
134.282, 79, 2029.811401
134.282, 79, 2030.476562
134.282, 79, 2031.141602
134.282, 79, 2031.806641
134.282, 79, 2032.471802
134.282, 79, 2033.136841
134.282, 79, 2033.801880
134.282, 79, 2034.467041
134.282, 79, 2035.132080
134.282, 79, 2035.797119
134.282, 79, 2036.462158
134.282, 79, 2037.127319
134.555, 79, 2037.792358
134.555, 79, 2038.457397
134.555, 79, 2039.122559
134.555, 79, 2039.787598
134.555, 79, 2040.452637
134.555, 79, 2041.117798
134.555, 79, 2041.782837
134.555, 79, 2042.447876
134.555, 79, 2043.113037
134.555, 79, 2043.778076
134.555, 79, 2044.443115
134.555, 79, 2045.108154
134.555, 79, 2045.773315
134.555, 79, 2046.438354
134.555, 79, 2047.103394
134.555, 79, 2047.768555
134.555, 79, 2048.433594
134.555, 79, 2049.098633
134.555, 79, 2049.763672
134.555, 79, 2050.428711
134.555, 79, 2051.093994
134.555, 79, 2051.759033
134.555, 79, 2052.424072
134.555, 79, 2053.089111
134.555, 79, 2053.754150
134.555, 79, 2054.419189
134.555, 79, 2055.084229
134.555, 79, 2055.749512
134.555, 79, 2056.414551
134.365, 79, 2057.079590
134.365, 79, 2057.744629
134.365, 79, 2058.409668
134.365, 79, 2059.074707
134.365, 79, 2059.739990
134.365, 79, 2060.405029
134.365, 79, 2061.070068
134.365, 79, 2061.735107
134.365, 79, 2062.400146
134.365, 79, 2063.065186
134.365, 79, 2063.730225
134.365, 79, 2064.395508
134.365, 79, 2065.060547
134.365, 79, 2065.725586
134.365, 79, 2066.390625
134.365, 79, 2067.055664
134.365, 79, 2067.720703
134.365, 79, 2068.385742
134.365, 79, 2069.051025
134.365, 79, 2069.716064
134.365, 79, 2070.381104
134.365, 79, 2071.046143
134.365, 79, 2071.711182
134.365, 79, 2072.376221
134.365, 79, 2073.041504
134.365, 79, 2073.706543
134.365, 79, 2074.371582
134.365, 79, 2075.036621
134.365, 79, 2075.701660
134.756, 79, 2076.366699
134.756, 79, 2077.031738
134.756, 79, 2077.697021
134.756, 79, 2078.362061
134.756, 79, 2079.027100
134.756, 79, 2079.692139
134.756, 79, 2080.357178
134.756, 79, 2081.022217
134.756, 79, 2081.687256
134.756, 79, 2082.352539
134.756, 79, 2083.017578
134.756, 79, 2083.682617
134.756, 79, 2084.347656
134.756, 79, 2085.012695
134.756, 79, 2085.677734
134.756, 79, 2086.343018
134.756, 79, 2087.008057
134.756, 79, 2087.673096
134.756, 79, 2088.338135
134.756, 79, 2089.003174
134.756, 79, 2089.668213
134.756, 79, 2090.333252
134.756, 79, 2090.998535
134.756, 79, 2091.663574
134.756, 79, 2092.328613
134.756, 79, 2092.993652
134.756, 79, 2093.658691
134.756, 79, 2094.323730
134.756, 79, 2094.988770
134.756, 79, 2095.654053
134.756, 79, 2096.319092
134.794, 79, 2096.984131
134.794, 79, 2097.649170
134.794, 79, 2098.314209
134.794, 79, 2098.979248
134.794, 79, 2099.644531
134.794, 79, 2100.309570
134.794, 79, 2100.974609
134.794, 79, 2101.639648
134.794, 79, 2102.304688
134.794, 79, 2102.969727
134.794, 79, 2103.634766
134.794, 79, 2104.300049
134.794, 79, 2104.965088
134.794, 79, 2105.630127
134.794, 79, 2106.295166
134.794, 79, 2106.960205
134.794, 79, 2107.625244
134.794, 79, 2108.290527
134.794, 79, 2108.955566
134.794, 79, 2109.620605
134.794, 79, 2110.285645
134.794, 79, 2110.950684
134.794, 79, 2111.615723
134.794, 79, 2112.280762
134.794, 79, 2112.946045
134.794, 79, 2113.611084
134.794, 79, 2114.276123
134.794, 79, 2114.941162
134.794, 79, 2115.606201
134.794, 79, 2116.271240
134.794, 79, 2116.936279
134.699, 79, 2117.601562
134.699, 79, 2118.266602
134.699, 79, 2118.931641
134.699, 79, 2119.596680
134.699, 79, 2120.261719
134.699, 79, 2120.926758
134.699, 79, 2121.592041
134.699, 79, 2122.257080
134.699, 79, 2122.922119
134.699, 79, 2123.587158
134.699, 79, 2124.252197
134.699, 79, 2124.917236
134.699, 79, 2125.582275
134.699, 79, 2126.247559
134.699, 79, 2126.912598
134.699, 79, 2127.577637
134.699, 79, 2128.242676
134.699, 79, 2128.907715
134.699, 79, 2129.572754
134.699, 79, 2130.237793
134.699, 79, 2130.903076
134.699, 79, 2131.568115
134.699, 79, 2132.233154
134.699, 79, 2132.898193
134.699, 79, 2133.563232
134.699, 79, 2134.228271
134.699, 79, 2134.893555
134.699, 79, 2135.558594
134.699, 79, 2136.223633
134.699, 79, 2136.888672
134.699, 79, 2137.553711
134.889, 79, 2138.218750
134.889, 79, 2138.883789
134.889, 79, 2139.549072
134.889, 79, 2140.214111
134.889, 79, 2140.879150
134.889, 79, 2141.544189
134.889, 79, 2142.209229
134.889, 79, 2142.874268
134.889, 79, 2143.539307
134.889, 79, 2144.204590
134.889, 79, 2144.869629
134.889, 79, 2145.534668
134.889, 79, 2146.199707
134.889, 79, 2146.864746
134.889, 79, 2147.529785
134.889, 79, 2148.195068
134.889, 79, 2148.860107
134.889, 79, 2149.525146
134.889, 79, 2150.190186
134.889, 79, 2150.855225
134.889, 79, 2151.520264
134.889, 79, 2152.185303
134.889, 79, 2152.850586
134.889, 79, 2153.515625
134.889, 79, 2154.180664
134.889, 79, 2154.845703
134.889, 79, 2155.510742
134.889, 79, 2156.175781
134.889, 79, 2156.841064
134.889, 79, 2157.506104
135.078, 79, 2158.171143
135.078, 79, 2158.836182
135.078, 79, 2159.501221
135.078, 79, 2160.166260
135.078, 79, 2160.831299
135.078, 79, 2161.496582
135.078, 79, 2162.161621
135.078, 79, 2162.826660
135.078, 79, 2163.491699
135.078, 79, 2164.156738
135.078, 79, 2164.821777
135.078, 79, 2165.486816
135.078, 79, 2166.152100
135.078, 79, 2166.817139
135.078, 79, 2167.482178
135.078, 79, 2168.147217
135.078, 79, 2168.812256
135.078, 79, 2169.477295
135.078, 79, 2170.142578
135.078, 79, 2170.807617
135.078, 79, 2171.472656
135.078, 79, 2172.137695
135.078, 79, 2172.802734
135.078, 79, 2173.467773
135.078, 79, 2174.132812
135.078, 79, 2174.798096
135.078, 79, 2175.463135
135.078, 79, 2176.128174
135.078, 79, 2176.793213
135.078, 79, 2177.458252
135.078, 79, 2178.123291
135.078, 79, 2178.788330
135.078, 79, 2179.453613
135.078, 79, 2180.118652
135.078, 79, 2180.783691
135.078, 79, 2181.448730
135.078, 79, 2182.113770
135.078, 79, 2182.778809
135.078, 79, 2183.444092
135.078, 79, 2184.109131
135.078, 79, 2184.774170
135.078, 79, 2185.439209
135.078, 79, 2186.104248
135.078, 79, 2186.769287
135.078, 79, 2187.434326
135.078, 79, 2188.099609
135.078, 79, 2188.764648
135.078, 79, 2189.429688
135.078, 79, 2190.094727
135.078, 79, 2190.759766
135.078, 79, 2191.424805
135.078, 79, 2192.089844
135.078, 79, 2192.755127
135.078, 79, 2193.420166
135.078, 79, 2194.085205
135.078, 79, 2194.750244
135.078, 79, 2195.415283
135.078, 79, 2196.080322
135.078, 79, 2196.745605
135.078, 79, 2197.410645
135.078, 79, 2198.075684
135.078, 79, 2198.740723
135.457, 79, 2199.405762
135.457, 79, 2200.070801
135.457, 79, 2200.735840
135.457, 79, 2201.401123
135.457, 79, 2202.066162
135.457, 79, 2202.731201
135.457, 79, 2203.396240
135.457, 79, 2204.061279
135.457, 79, 2204.726318
135.457, 79, 2205.391602
135.457, 79, 2206.056641
135.457, 79, 2206.721680
135.457, 79, 2207.386719
135.457, 79, 2208.051758
135.457, 79, 2208.716797
135.457, 79, 2209.381836
135.457, 79, 2210.047119
135.457, 79, 2210.712158
135.457, 79, 2211.377197
135.457, 79, 2212.042236
135.457, 79, 2212.707275
135.457, 79, 2213.372314
135.457, 79, 2214.037354
135.457, 79, 2214.702637
135.457, 79, 2215.367676
135.457, 79, 2216.032715
135.457, 79, 2216.697754
135.457, 79, 2217.362793
135.457, 79, 2218.027832
135.457, 79, 2218.693115
135.173, 79, 2219.358154
135.173, 79, 2220.023193
135.173, 79, 2220.688232
135.173, 79, 2221.353271
135.173, 79, 2222.018311
135.173, 79, 2222.683350
135.173, 79, 2223.348633
135.173, 79, 2224.013672
135.173, 79, 2224.678711
135.173, 79, 2225.343750
135.173, 79, 2226.008789
135.173, 79, 2226.673828
135.173, 79, 2227.338867
135.173, 79, 2228.004150
135.173, 79, 2228.669189
135.173, 79, 2229.334229
135.173, 79, 2229.999268
135.173, 79, 2230.664307
135.173, 79, 2231.329346
135.173, 79, 2231.994629
135.173, 79, 2232.659668
135.173, 79, 2233.324707
135.173, 79, 2233.989746
135.173, 79, 2234.654785
135.173, 79, 2235.319824
135.173, 79, 2235.984863
135.173, 79, 2236.650146
135.173, 79, 2237.315186
135.173, 79, 2237.980225
135.173, 79, 2238.645264
135.173, 79, 2239.310303
134.415, 79, 2239.975342
134.415, 79, 2240.640381
134.415, 79, 2241.305664
134.415, 79, 2241.970703
134.415, 79, 2242.635742
134.415, 79, 2243.300781
134.415, 79, 2243.965820
134.415, 79, 2244.630859
134.415, 79, 2245.296143
134.415, 79, 2245.961182
134.415, 79, 2246.626221
134.415, 79, 2247.291260
134.415, 79, 2247.956299
134.415, 79, 2248.621338
134.415, 79, 2249.286377
134.415, 79, 2249.951660
134.415, 79, 2250.616699
134.415, 79, 2251.281738
134.415, 79, 2251.946777
134.415, 79, 2252.611816
134.415, 79, 2253.276855
134.415, 79, 2253.942139
134.415, 79, 2254.607178
134.415, 79, 2255.272217
134.415, 79, 2255.937256
134.415, 79, 2256.602295
134.415, 79, 2257.267334
134.415, 79, 2257.932373
134.415, 79, 2258.597656
134.604, 79, 2259.262695
134.604, 79, 2259.927734
134.604, 79, 2260.592773
134.604, 79, 2261.257812
134.604, 79, 2261.922852
134.604, 79, 2262.587891
134.604, 79, 2263.253174
134.604, 79, 2263.918213
134.604, 79, 2264.583252
134.604, 79, 2265.248291
134.604, 79, 2265.913330
134.604, 79, 2266.578369
134.604, 79, 2267.243652
134.604, 79, 2267.908691
134.604, 79, 2268.573730
134.604, 79, 2269.238770
134.604, 79, 2269.903809
134.604, 79, 2270.568848
134.604, 79, 2271.233887
134.604, 79, 2271.899170
134.604, 79, 2272.564209
134.604, 79, 2273.229248
134.604, 79, 2273.894287
134.604, 79, 2274.559326
134.604, 79, 2275.224365
134.604, 79, 2275.889404
134.604, 79, 2276.554688
134.604, 79, 2277.219727
134.604, 79, 2277.884766
134.604, 79, 2278.549805
134.604, 79, 2279.214844
134.566, 79, 2279.879883
134.566, 79, 2280.545166
134.566, 79, 2281.210205
134.566, 79, 2281.875244
134.566, 79, 2282.540283
134.566, 79, 2283.205322
134.566, 79, 2283.870361
134.566, 79, 2284.535400
134.566, 79, 2285.200684
134.566, 79, 2285.865723
134.566, 79, 2286.530762
134.566, 79, 2287.195801
134.566, 79, 2287.860840
134.566, 79, 2288.525879
134.566, 79, 2289.190918
134.566, 79, 2289.856201
134.566, 79, 2290.521240
134.566, 79, 2291.186279
134.566, 79, 2291.851318
134.566, 79, 2292.516357
134.566, 79, 2293.181396
134.566, 79, 2293.846680
134.566, 79, 2294.511719
134.566, 79, 2295.176758
134.566, 79, 2295.841797
134.566, 79, 2296.506836
134.566, 79, 2297.171875
134.566, 79, 2297.836914
134.566, 79, 2298.502197
134.566, 79, 2299.167236
134.566, 79, 2299.832275
134.699, 79, 2300.497314
134.699, 79, 2301.162354
134.699, 79, 2301.827393
134.699, 79, 2302.492432
134.699, 79, 2303.157715
134.699, 79, 2303.822754
134.699, 79, 2304.487793
134.699, 79, 2305.152832
134.699, 79, 2305.817871
134.699, 79, 2306.482910
134.699, 79, 2307.148193
134.699, 79, 2307.813232
134.699, 79, 2308.478271
134.699, 79, 2309.143311
134.699, 79, 2309.808350
134.699, 79, 2310.473389
134.699, 79, 2311.138428
134.699, 79, 2311.803711
134.699, 79, 2312.468750
134.699, 79, 2313.133789
134.699, 79, 2313.798828
134.699, 79, 2314.463867
134.699, 79, 2315.128906
134.699, 79, 2315.794189
134.699, 79, 2316.459229
134.699, 79, 2317.124268
134.699, 79, 2317.789307
134.699, 79, 2318.454346
134.699, 79, 2319.119385
134.699, 79, 2319.784424
134.699, 79, 2320.449707
134.983, 79, 2321.114746
134.983, 79, 2321.779785
134.983, 79, 2322.444824
134.983, 79, 2323.109863
134.983, 79, 2323.774902
134.983, 79, 2324.439941
134.983, 79, 2325.105225
134.983, 79, 2325.770264
134.983, 79, 2326.435303
134.983, 79, 2327.100342
134.983, 79, 2327.765381
134.983, 79, 2328.430420
134.983, 79, 2329.095703
134.983, 79, 2329.760742
134.983, 79, 2330.425781
134.983, 79, 2331.090820
134.983, 79, 2331.755859
134.983, 79, 2332.420898
134.983, 79, 2333.085938
134.983, 79, 2333.751221
134.983, 79, 2334.416260
134.983, 79, 2335.081299
134.983, 79, 2335.746338
134.983, 79, 2336.411377
134.983, 79, 2337.076416
134.983, 79, 2337.741455
134.983, 79, 2338.406738
134.983, 79, 2339.071777
134.983, 79, 2339.736816
134.983, 79, 2340.401855
134.983, 79, 2341.066895
134.889, 79, 2341.731934
134.889, 79, 2342.397217
134.889, 79, 2343.062256
134.889, 79, 2343.727295
134.889, 79, 2344.392334
134.889, 79, 2345.057373
134.889, 79, 2345.722412
134.889, 79, 2346.387451
134.889, 79, 2347.052734
134.889, 79, 2347.717773
134.889, 79, 2348.382812
134.889, 79, 2349.047852
134.889, 79, 2349.712891
134.889, 79, 2350.377930
134.889, 79, 2351.042969
134.889, 79, 2351.708252
134.889, 79, 2352.373291
134.889, 79, 2353.038330
134.889, 79, 2353.703369
134.889, 79, 2354.368408
134.889, 79, 2355.033447
134.889, 79, 2355.698730
134.889, 79, 2356.363770
134.889, 79, 2357.028809
134.889, 79, 2357.693848
134.889, 79, 2358.358887
134.889, 79, 2359.023926
134.889, 79, 2359.688965
134.889, 79, 2360.354248
134.794, 79, 2361.019287
134.794, 79, 2361.684326
134.794, 79, 2362.349365
134.794, 79, 2363.014404
134.794, 79, 2363.679443
134.794, 79, 2364.344727
134.794, 79, 2365.009766
134.794, 79, 2365.674805
134.794, 79, 2366.339844
134.794, 79, 2367.004883
134.794, 79, 2367.669922
134.794, 79, 2368.334961
134.794, 79, 2369.000244
134.794, 79, 2369.665283
134.794, 79, 2370.330322
134.794, 79, 2370.995361
134.794, 79, 2371.660400
134.794, 79, 2372.325439
134.794, 79, 2372.990479
134.794, 79, 2373.655762
134.794, 79, 2374.320801
134.794, 79, 2374.985840
134.794, 79, 2375.650879
134.794, 79, 2376.315918
134.794, 79, 2376.980957
134.794, 79, 2377.646240
134.794, 79, 2378.311279
134.794, 79, 2378.976318
134.794, 79, 2379.641357
134.794, 79, 2380.306396
135.268, 79, 2380.971436
135.268, 79, 2381.636475
135.268, 79, 2382.301758
135.268, 79, 2382.966797
135.268, 79, 2383.631836
135.268, 79, 2384.296875
135.268, 79, 2384.961914
135.268, 79, 2385.626953
135.268, 79, 2386.291992
135.268, 79, 2386.957275
135.268, 79, 2387.622314
135.268, 79, 2388.287354
135.268, 79, 2388.952393
135.268, 79, 2389.617432
135.268, 79, 2390.282471
135.268, 79, 2390.947754
135.268, 79, 2391.612793
135.268, 79, 2392.277832
135.268, 79, 2392.942871
135.268, 79, 2393.607910
135.268, 79, 2394.272949
135.268, 79, 2394.937988
135.268, 79, 2395.603271
135.268, 79, 2396.268311
135.268, 79, 2396.933350
135.268, 79, 2397.598389
135.268, 79, 2398.263428
135.268, 79, 2398.928467
135.268, 79, 2399.593506
135.268, 79, 2400.258789
135.268, 79, 2400.923828
135.268, 79, 2401.588867
135.268, 79, 2402.253906
135.268, 79, 2402.918945
135.268, 79, 2403.583984
135.268, 79, 2404.249268
135.268, 79, 2404.914307
135.268, 79, 2405.579346
135.268, 79, 2406.244385
135.268, 79, 2406.909424
135.268, 79, 2407.574463
135.268, 79, 2408.239502
135.268, 79, 2408.904785
135.268, 79, 2409.569824
135.268, 79, 2410.234863
135.268, 79, 2410.899902
135.268, 79, 2411.564941
135.268, 79, 2412.229980
135.268, 79, 2412.895264
135.268, 79, 2413.560303
135.268, 79, 2414.225342
135.268, 79, 2414.890381
135.268, 79, 2415.555420
135.268, 79, 2416.220459
135.268, 79, 2416.885498
135.268, 79, 2417.550781
135.268, 79, 2418.215820
135.268, 79, 2418.880859
135.268, 79, 2419.545898
135.268, 79, 2420.210938
135.268, 79, 2420.875977
135.457, 79, 2421.541016
135.457, 79, 2422.206299
135.457, 79, 2422.871338
135.457, 79, 2423.536377
135.457, 79, 2424.201416
135.457, 79, 2424.866455
135.457, 79, 2425.531494
135.457, 79, 2426.196777
135.457, 79, 2426.861816
135.457, 79, 2427.526855
135.457, 79, 2428.191895
135.457, 79, 2428.856934
135.457, 79, 2429.521973
135.457, 79, 2430.187012
135.457, 79, 2430.852295
135.457, 79, 2431.517334
135.457, 79, 2432.182373
135.457, 79, 2432.847412
135.457, 79, 2433.512451
135.457, 79, 2434.177490
135.457, 79, 2434.842529
135.457, 79, 2435.507812
135.457, 79, 2436.172852
135.457, 79, 2436.837891
135.457, 79, 2437.502930
135.457, 79, 2438.167969
135.457, 79, 2438.833008
135.457, 79, 2439.498291
135.457, 79, 2440.163330
135.457, 79, 2440.828369
135.457, 79, 2441.493408
134.889, 79, 2442.158447
134.889, 79, 2442.823486
134.889, 79, 2443.488525
134.889, 79, 2444.153809
134.889, 79, 2444.818848
134.889, 79, 2445.483887
134.889, 79, 2446.148926
134.889, 79, 2446.813965
134.889, 79, 2447.479004
134.889, 79, 2448.144043
134.889, 79, 2448.809326
134.889, 79, 2449.474365
134.889, 79, 2450.139404
134.889, 79, 2450.804443
134.889, 79, 2451.469482
134.889, 79, 2452.134521
134.889, 79, 2452.799805
134.889, 79, 2453.464844
134.889, 79, 2454.129883
134.889, 79, 2454.794922
134.889, 79, 2455.459961
134.889, 79, 2456.125000
134.889, 79, 2456.790039
134.889, 79, 2457.455322
134.889, 79, 2458.120361
134.889, 79, 2458.785400
134.889, 79, 2459.450439
134.889, 79, 2460.115479
134.889, 79, 2460.780518
134.175, 79, 2461.445557
134.175, 79, 2462.110840
134.175, 79, 2462.775879
134.175, 79, 2463.440918
134.175, 79, 2464.105957
134.175, 79, 2464.770996
134.175, 79, 2465.436035
134.175, 79, 2466.101318
134.175, 79, 2466.766357
134.175, 79, 2467.431396
134.175, 79, 2468.096436
134.175, 79, 2468.761475
134.175, 79, 2469.426514
134.175, 79, 2470.091553
134.175, 79, 2470.756836
134.175, 79, 2471.421875
134.175, 79, 2472.086914
134.175, 79, 2472.751953
134.175, 79, 2473.416992
134.175, 79, 2474.082031
134.175, 79, 2474.747314
134.175, 79, 2475.412354
134.175, 79, 2476.077393
134.175, 79, 2476.742432
134.175, 79, 2477.407471
134.175, 79, 2478.072510
134.175, 79, 2478.737549
134.175, 79, 2479.402832
134.175, 79, 2480.067871
134.175, 79, 2480.732910
134.175, 79, 2481.397949
134.566, 79, 2482.062988
134.566, 79, 2482.728027
134.566, 79, 2483.393066
134.566, 79, 2484.058350
134.566, 79, 2484.723389
134.566, 79, 2485.388428
134.566, 79, 2486.053467
134.566, 79, 2486.718506
134.566, 79, 2487.383545
134.566, 79, 2488.048828
134.566, 79, 2488.713867
134.566, 79, 2489.378906
134.566, 79, 2490.043945
134.566, 79, 2490.708984
134.566, 79, 2491.374023
134.566, 79, 2492.039062
134.566, 79, 2492.704346
134.566, 79, 2493.369385
134.566, 79, 2494.034424
134.566, 79, 2494.699463
134.566, 79, 2495.364502
134.566, 79, 2496.029541
134.566, 79, 2496.694580
134.566, 79, 2497.359863
134.566, 79, 2498.024902
134.566, 79, 2498.689941
134.566, 79, 2499.354980
134.566, 79, 2500.020020
134.566, 79, 2500.685059
134.566, 79, 2501.350342
134.566, 79, 2502.015381
134.365, 79, 2502.680420
134.365, 79, 2503.345459
134.365, 79, 2504.010498
134.365, 79, 2504.675537
134.365, 79, 2505.340576
134.365, 79, 2506.005859
134.365, 79, 2506.670898
134.365, 79, 2507.335938
134.365, 79, 2508.000977
134.365, 79, 2508.666016
134.365, 79, 2509.331055
134.365, 79, 2509.996094
134.365, 79, 2510.661377
134.365, 79, 2511.326416
134.365, 79, 2511.991455
134.365, 79, 2512.656494
134.365, 79, 2513.321533
134.365, 79, 2513.986572
134.365, 79, 2514.651855
134.365, 79, 2515.316895
134.365, 79, 2515.981934
134.365, 79, 2516.646973
134.365, 79, 2517.312012
134.365, 79, 2517.977051
134.365, 79, 2518.642090
134.365, 79, 2519.307373
134.365, 79, 2519.972412
134.365, 79, 2520.637451
134.365, 79, 2521.302490
134.365, 79, 2521.967529
134.365, 79, 2522.632568
134.509, 79, 2523.297852
134.509, 79, 2523.962891
134.509, 79, 2524.627930
134.509, 79, 2525.292969
134.509, 79, 2525.958008
134.509, 79, 2526.623047
134.509, 79, 2527.288086
134.509, 79, 2527.953369
134.509, 79, 2528.618408
134.509, 79, 2529.283447
134.509, 79, 2529.948486
134.509, 79, 2530.613525
134.509, 79, 2531.278564
134.509, 79, 2531.943604
134.509, 79, 2532.608887
134.509, 79, 2533.273926
134.509, 79, 2533.938965
134.509, 79, 2534.604004
134.509, 79, 2535.269043
134.509, 79, 2535.934082
134.509, 79, 2536.599365
134.509, 79, 2537.264404
134.509, 79, 2537.929443
134.509, 79, 2538.594482
134.509, 79, 2539.259521
134.509, 79, 2539.924561
134.509, 79, 2540.589600
134.509, 79, 2541.254883
134.509, 79, 2541.919922
134.509, 79, 2542.584961
134.509, 79, 2543.250000
134.509, 79, 2543.915039
134.509, 79, 2544.580078
134.509, 79, 2545.245117
134.509, 79, 2545.910400
134.509, 79, 2546.575439
134.509, 79, 2547.240479
134.509, 79, 2547.905518
134.509, 79, 2548.570557
134.509, 79, 2549.235596
134.509, 79, 2549.900879
134.509, 79, 2550.565918
134.509, 79, 2551.230957
134.509, 79, 2551.895996
134.509, 79, 2552.561035
134.509, 79, 2553.226074
134.509, 79, 2553.891113
134.509, 79, 2554.556396
134.509, 79, 2555.221436
134.509, 79, 2555.886475
134.509, 79, 2556.551514
134.509, 79, 2557.216553
134.509, 79, 2557.881592
134.509, 79, 2558.546631
134.509, 79, 2559.211914
134.509, 79, 2559.876953
134.509, 79, 2560.541992
134.509, 79, 2561.207031
134.509, 79, 2561.872070
134.509, 79, 2562.537109
134.699, 79, 2563.202393
134.699, 79, 2563.867432
134.699, 79, 2564.532471
134.699, 79, 2565.197510
134.699, 79, 2565.862549
134.699, 79, 2566.527588
134.699, 79, 2567.192627
134.699, 79, 2567.857910
134.699, 79, 2568.522949
134.699, 79, 2569.187988
134.699, 79, 2569.853027
134.699, 79, 2570.518066
134.699, 79, 2571.183105
134.699, 79, 2571.848389
134.699, 79, 2572.513428
134.699, 79, 2573.178467
134.699, 79, 2573.843506
134.699, 79, 2574.508545
134.699, 79, 2575.173584
134.699, 79, 2575.838623
134.699, 79, 2576.503906
134.699, 79, 2577.168945
134.699, 79, 2577.833984
134.699, 79, 2578.499023
134.699, 79, 2579.164062
134.699, 79, 2579.829102
134.699, 79, 2580.494141
134.699, 79, 2581.159424
134.699, 79, 2581.824463
134.699, 79, 2582.489502
134.699, 79, 2583.154541
134.509, 79, 2583.819580
134.509, 79, 2584.484619
134.509, 79, 2585.149902
134.509, 79, 2585.814941
134.509, 79, 2586.479980
134.509, 79, 2587.145020
134.509, 79, 2587.810059
134.509, 79, 2588.475098
134.509, 79, 2589.140137
134.509, 79, 2589.805420
134.509, 79, 2590.470459
134.509, 79, 2591.135498
134.509, 79, 2591.800537
134.509, 79, 2592.465576
134.509, 79, 2593.130615
134.509, 79, 2593.795654
134.509, 79, 2594.460938
134.509, 79, 2595.125977
134.509, 79, 2595.791016
134.509, 79, 2596.456055
134.509, 79, 2597.121094
134.509, 79, 2597.786133
134.509, 79, 2598.451416
134.509, 79, 2599.116455
134.509, 79, 2599.781494
134.509, 79, 2600.446533
134.509, 79, 2601.111572
134.509, 79, 2601.776611
134.509, 79, 2602.441650
134.509, 79, 2603.106934
134.509, 79, 2603.771973
134.889, 79, 2604.437012
134.889, 79, 2605.102051
134.889, 79, 2605.767090
134.889, 79, 2606.432129
134.889, 79, 2607.097168
134.889, 79, 2607.762451
134.889, 79, 2608.427490
134.889, 79, 2609.092529
134.889, 79, 2609.757568
134.889, 79, 2610.422607
134.889, 79, 2611.087646
134.889, 79, 2611.752930
134.889, 79, 2612.417969
134.889, 79, 2613.083008
134.889, 79, 2613.748047
134.889, 79, 2614.413086
134.889, 79, 2615.078125
134.889, 79, 2615.743164
134.889, 79, 2616.408447
134.889, 79, 2617.073486
134.889, 79, 2617.738525
134.889, 79, 2618.403564
134.889, 79, 2619.068604
134.889, 79, 2619.733643
134.889, 79, 2620.398926
134.889, 79, 2621.063965
134.889, 79, 2621.729004
134.889, 79, 2622.394043
134.889, 79, 2623.059082
134.889, 79, 2623.724121
134.889, 79, 2624.389160
134.889, 79, 2625.054443
134.889, 79, 2625.719482
134.889, 79, 2626.384521
134.889, 79, 2627.049561
134.889, 79, 2627.714600
134.889, 79, 2628.379639
134.889, 79, 2629.044678
134.889, 79, 2629.709961
134.889, 79, 2630.375000
134.889, 79, 2631.040039
134.889, 79, 2631.705078
134.889, 79, 2632.370117
134.889, 79, 2633.035156
134.889, 79, 2633.700439
134.889, 79, 2634.365479
134.889, 79, 2635.030518
134.889, 79, 2635.695557
134.889, 79, 2636.360596
134.889, 79, 2637.025635
134.889, 79, 2637.690674
134.889, 79, 2638.355957
134.889, 79, 2639.020996
134.889, 79, 2639.686035
134.889, 79, 2640.351074
134.889, 79, 2641.016113
134.889, 79, 2641.681152
134.889, 79, 2642.346191
134.889, 79, 2643.011475
134.889, 79, 2643.676514
134.889, 79, 2644.341553
121.211, 79, 2645.006592
121.211, 79, 2645.671631
121.211, 79, 2646.336670
121.211, 79, 2647.001953
121.211, 79, 2647.666992
121.211, 79, 2648.332031
121.211, 79, 2648.997070
121.211, 79, 2649.662109
121.211, 79, 2650.327148
